-322152;99
-322062;0
-321972;0
-321882;0
-321792;0
-321702;0
-321612;0
-321522;0
-321432;0
-321341;0
-321251;0
-321161;0
-321071;0
-320981;0
-320891;0
-320801;0
-320711;0
-320621;0
-320531;0
-320441;0
-320351;0
-320261;0
-320171;0
-320081;0
-319991;0
-319900;0
-319810;0
-319720;0
-319630;0
-319540;0
-319450;0
-319360;0
-319270;0
-319180;0
-319090;0
-319000;0
-318910;0
-318820;0
-318730;0
-318640;0
-318550;0
-318460;0
-318369;0
-318279;0
-318189;0
-318099;0
-318009;0
-317919;0
-317829;0
-317739;0
-317649;0
-317559;0
-317469;0
-317379;0
-317289;0
-317199;0
-317109;0
-317019;0
-316929;0
-316838;0
-316748;0
-316658;0
-316568;0
-316478;0
-316388;0
-316298;0
-316208;0
-316118;0
-316028;0
-315938;0
-315848;0
-315758;0
-315668;0
-315578;0
-315488;0
-315397;0
-315307;0
-315217;0
-315127;0
-315037;0
-314947;0
-314857;0
-314767;0
-314677;0
-314587;0
-314497;0
-314407;0
-314317;0
-314227;0
-314137;0
-314047;0
-313957;0
-313866;0
-313776;0
-313686;0
-313596;0
-313506;0
-313416;0
-313326;0
-313236;0
-313146;0
-313056;0
-312966;0
-312876;0
-312786;0
-312696;0
-312606;0
-312516;0
-312426;0
-312335;0
-312245;0
-312155;0
-312065;0
-311975;0
-311885;0
-311795;0
-311705;0
-311615;0
-311525;0
-311435;0
-311345;0
-311255;0
-311165;0
-311075;0
-310985;0
-310894;0
-310804;0
-310714;0
-310624;0
-310534;0
-310444;0
-310354;0
-310264;0
-310174;0
-310084;0
-309994;0
-309904;0
-309814;0
-309724;0
-309634;0
-309544;0
-309454;0
-309363;0
-309273;0
-309183;0
-309093;0
-309003;0
-308913;0
-308823;0
-308733;0
-308643;0
-308553;0
-308463;0
-308373;0
-308283;0
-308193;0
-308103;0
-308013;0
-307922;0
-307832;0
-307742;0
-307652;0
-307562;0
-307472;0
-307382;0
-307292;0
-307202;0
-307112;0
-307022;0
-306932;0
-306842;0
-306752;0
-306662;0
-306572;0
-306482;0
-306391;0
-306301;0
-306211;0
-306121;0
-306031;0
-305941;0
-305851;0
-305761;0
-305671;0
-305581;0
-305491;0
-305401;0
-305311;0
-305221;0
-305131;0
-305041;0
-304951;0
-304860;0
-304770;0
-304680;0
-304590;0
-304500;0
-304410;0
-304320;0
-304230;0
-304140;0
-304050;0
-303960;0
-303870;0
-303780;0
-303690;0
-303600;0
-303510;0
-303419;0
-303329;0
-303239;0
-303149;0
-303059;0
-302969;0
-302879;0
-302789;0
-302699;0
-302609;0
-302519;0
-302429;0
-302339;0
-302249;0
-302159;0
-302069;0
-301979;0
-301888;0
-301798;0
-301708;0
-301618;0
-301528;0
-301438;0
-301348;0
-301258;0
-301168;0
-301078;0
-300988;0
-300898;0
-300808;0
-300718;0
-300628;0
-300538;0
-300447;0
-300357;0
-300267;0
-300177;0
-300087;0
-299997;0
-299907;0
-299817;0
-299727;0
-299637;0
-299547;0
-299457;0
-299367;0
-299277;0
-299187;0
-299097;0
-299007;0
-298916;0
-298826;0
-298736;0
-298646;0
-298556;0
-298466;0
-298376;0
-298286;0
-298196;0
-298106;0
-298016;0
-297926;0
-297836;0
-297746;0
-297656;0
-297566;0
-297476;0
-297385;0
-297295;0
-297205;0
-297115;0
-297025;0
-296935;0
-296845;0
-296755;0
-296665;0
-296575;0
-296485;0
-296395;0
-296305;0
-296215;0
-296125;0
-296035;0
-295944;0
-295854;0
-295764;0
-295674;0
-295584;0
-295494;0
-295404;0
-295314;0
-295224;0
-295134;0
-295044;0
-294954;0
-294864;0
-294774;0
-294684;0
-294594;0
-294504;0
-294413;0
-294323;0
-294233;0
-294143;0
-294053;0
-293963;0
-293873;0
-293783;0
-293693;0
-293603;0
-293513;0
-293423;0
-293333;0
-293243;0
-293153;0
-293063;0
-292972;0
-292882;0
-292792;0
-292702;0
-292612;0
-292522;0
-292432;0
-292342;0
-292252;0
-292162;0
-292072;0
-291982;0
-291892;0
-291802;0
-291712;0
-291622;0
-291532;0
-291441;0
-291351;0
-291261;0
-291171;0
-291081;0
-290991;0
-290901;0
-290811;0
-290721;0
-290631;0
-290541;0
-290451;0
-290361;0
-290271;0
-290181;0
-290091;0
-290001;0
-289910;0
-289820;0
-289730;0
-289640;0
-289550;0
-289460;0
-289370;0
-289280;0
-289190;0
-289100;0
-289010;0
-288920;0
-288830;0
-288740;0
-288650;0
-288560;0
-288469;0
-288379;0
-288289;0
-288199;0
-288109;0
-288019;0
-287929;0
-287839;0
-287749;0
-287659;0
-287569;0
-287479;0
-287389;0
-287299;0
-287209;0
-287119;0
-287029;0
-286938;0
-286848;0
-286758;0
-286668;0
-286578;0
-286488;0
-286398;0
-286308;0
-286218;0
-286128;0
-286038;0
-285948;0
-285858;0
-285768;0
-285678;0
-285588;0
-285497;0
-285407;0
-285317;0
-285227;0
-285137;0
-285047;0
-284957;0
-284867;0
-284777;0
-284687;0
-284597;0
-284507;0
-284417;0
-284327;0
-284237;0
-284147;0
-284057;0
-283966;0
-283876;0
-283786;0
-283696;0
-283606;0
-283516;0
-283426;0
-283336;0
-283246;0
-283156;0
-283066;0
-282976;0
-282886;0
-282796;0
-282706;0
-282616;0
-282526;0
-282435;0
-282345;0
-282255;0
-282165;0
-282075;0
-281985;0
-281895;0
-281805;0
-281715;0
-281625;0
-281535;0
-281445;0
-281355;0
-281265;0
-281175;0
-281085;0
-280994;0
-280904;0
-280814;0
-280724;0
-280634;0
-280544;0
-280454;0
-280364;0
-280274;0
-280184;0
-280094;0
-280004;0
-279914;0
-279824;0
-279734;0
-279644;0
-279554;0
-279463;0
-279373;0
-279283;0
-279193;0
-279103;0
-279013;0
-278923;0
-278833;0
-278743;0
-278653;0
-278563;0
-278473;0
-278383;0
-278293;0
-278203;0
-278113;0
-278022;0
-277932;0
-277842;0
-277752;0
-277662;0
-277572;0
-277482;0
-277392;0
-277302;0
-277212;0
-277122;0
-277032;0
-276942;0
-276852;0
-276762;0
-276672;0
-276582;0
-276491;0
-276401;0
-276311;0
-276221;0
-276131;0
-276041;0
-275951;0
-275861;0
-275771;0
-275681;0
-275591;0
-275501;0
-275411;0
-275321;0
-275231;0
-275141;0
-275051;0
-274960;0
-274870;0
-274780;0
-274690;0
-274600;0
-274510;0
-274420;0
-274330;0
-274240;0
-274150;0
-274060;0
-273970;0
-273880;0
-273790;0
-273700;0
-273610;0
-273519;0
-273429;0
-273339;0
-273249;0
-273159;0
-273069;0
-272979;0
-272889;0
-272799;0
-272709;0
-272619;0
-272529;0
-272439;0
-272349;0
-272259;0
-272169;0
-272079;0
-271988;0
-271898;0
-271808;0
-271718;0
-271628;0
-271538;0
-271448;0
-271358;0
-271268;0
-271178;0
-271088;0
-270998;0
-270908;0
-270818;0
-270728;0
-270638;0
-270547;0
-270457;0
-270367;0
-270277;0
-270187;0
-270097;0
-270007;0
-269917;0
-269827;0
-269737;0
-269647;0
-269557;0
-269467;0
-269377;0
-269287;0
-269197;0
-269107;0
-269016;0
-268926;0
-268836;0
-268746;0
-268656;0
-268566;0
-268476;0
-268386;0
-268296;0
-268206;0
-268116;0
-268026;0
-267936;0
-267846;0
-267756;0
-267666;0
-267576;0
-267485;0
-267395;0
-267305;0
-267215;0
-267125;0
-267035;0
-266945;0
-266855;0
-266765;0
-266675;0
-266585;0
-266495;0
-266405;0
-266315;0
-266225;0
-266135;0
-266044;0
-265954;0
-265864;0
-265774;0
-265684;0
-265594;0
-265504;0
-265414;0
-265324;0
-265234;0
-265144;0
-265054;0
-264964;0
-264874;0
-264784;0
-264694;0
-264604;0
-264513;0
-264423;0
-264333;0
-264243;0
-264153;0
-264063;0
-263973;0
-263883;0
-263793;0
-263703;0
-263613;0
-263523;0
-263433;0
-263343;0
-263253;0
-263163;0
-263072;0
-262982;0
-262892;0
-262802;0
-262712;0
-262622;0
-262532;0
-262442;0
-262352;0
-262262;0
-262172;0
-262082;0
-261992;0
-261902;0
-261812;0
-261722;0
-261632;0
-261541;0
-261451;0
-261361;0
-261271;0
-261181;0
-261091;0
-261001;0
-260911;0
-260821;0
-260731;0
-260641;0
-260551;0
-260461;0
-260371;0
-260281;0
-260191;0
-260101;0
-260010;0
-259920;0
-259830;0
-259740;0
-259650;0
-259560;0
-259470;0
-259380;0
-259290;0
-259200;0
-259110;0
-259020;0
-258930;0
-258840;0
-258750;0
-258660;0
-258569;0
-258479;0
-258389;0
-258299;0
-258209;0
-258119;0
-258029;0
-257939;0
-257849;0
-257759;0
-257669;0
-257579;0
-257489;0
-257399;0
-257309;0
-257219;0
-257129;0
-257038;0
-256948;0
-256858;0
-256768;0
-256678;0
-256588;0
-256498;0
-256408;0
-256318;0
-256228;0
-256138;0
-256048;0
-255958;0
-255868;0
-255778;0
-255688;0
-255597;0
-255507;0
-255417;0
-255327;0
-255237;0
-255147;0
-255057;0
-254967;0
-254877;0
-254787;0
-254697;0
-254607;0
-254517;0
-254427;0
-254337;0
-254247;0
-254157;0
-254066;0
-253976;0
-253886;0
-253796;0
-253706;0
-253616;0
-253526;0
-253436;0
-253346;0
-253256;0
-253166;0
-253076;0
-252986;0
-252896;0
-252806;0
-252716;0
-252626;0
-252535;0
-252445;0
-252355;0
-252265;0
-252175;0
-252085;0
-251995;0
-251905;0
-251815;0
-251725;0
-251635;0
-251545;0
-251455;0
-251365;0
-251275;0
-251185;0
-251094;0
-251004;0
-250914;0
-250824;0
-250734;0
-250644;0
-250554;0
-250464;0
-250374;0
-250284;0
-250194;0
-250104;0
-250014;0
-249924;0
-249834;0
-249744;0
-249654;0
-249563;0
-249473;0
-249383;0
-249293;0
-249203;0
-249113;0
-249023;0
-248933;0
-248843;0
-248753;0
-248663;0
-248573;0
-248483;0
-248393;0
-248303;0
-248213;0
-248122;0
-248032;0
-247942;0
-247852;0
-247762;0
-247672;0
-247582;0
-247492;0
-247402;0
-247312;0
-247222;0
-247132;0
-247042;0
-246952;0
-246862;0
-246772;0
-246682;0
-246591;0
-246501;0
-246411;0
-246321;0
-246231;0
-246141;0
-246051;0
-245961;0
-245871;0
-245781;0
-245691;0
-245601;0
-245511;0
-245421;0
-245331;0
-245241;0
-245151;0
-245060;0
-244970;0
-244880;0
-244790;0
-244700;0
-244610;0
-244520;0
-244430;0
-244340;0
-244250;0
-244160;0
-244070;0
-243980;0
-243890;0
-243800;0
-243710;0
-243619;0
-243529;0
-243439;0
-243349;0
-243259;0
-243169;0
-243079;0
-242989;0
-242899;0
-242809;0
-242719;0
-242629;0
-242539;0
-242449;0
-242359;0
-242269;0
-242179;0
-242088;0
-241998;0
-241908;0
-241818;0
-241728;0
-241638;0
-241548;0
-241458;0
-241368;0
-241278;0
-241188;0
-241098;0
-241008;0
-240918;0
-240828;0
-240738;0
-240647;0
-240557;0
-240467;0
-240377;0
-240287;0
-240197;0
-240107;0
-240017;0
-239927;0
-239837;0
-239747;0
-239657;0
-239567;0
-239477;0
-239387;0
-239297;0
-239207;0
-239116;0
-239026;0
-238936;0
-238846;0
-238756;0
-238666;0
-238576;0
-238486;0
-238396;0
-238306;0
-238216;0
-238126;0
-238036;0
-237946;0
-237856;0
-237766;0
-237676;0
-237585;0
-237495;0
-237405;0
-237315;0
-237225;0
-237135;0
-237045;0
-236955;0
-236865;0
-236775;0
-236685;0
-236595;0
-236505;0
-236415;0
-236325;0
-236235;0
-236144;0
-236054;0
-235964;0
-235874;0
-235784;0
-235694;0
-235604;0
-235514;0
-235424;0
-235334;0
-235244;0
-235154;0
-235064;0
-234974;0
-234884;0
-234794;0
-234704;0
-234613;0
-234523;0
-234433;0
-234343;0
-234253;0
-234163;0
-234073;0
-233983;0
-233893;0
-233803;0
-233713;0
-233623;0
-233533;0
-233443;0
-233353;0
-233263;0
-233172;0
-233082;0
-232992;0
-232902;0
-232812;0
-232722;0
-232632;0
-232542;0
-232452;0
-232362;0
-232272;0
-232182;0
-232092;0
-232002;0
-231912;0
-231822;0
-231732;0
-231641;0
-231551;0
-231461;0
-231371;0
-231281;0
-231191;0
-231101;0
-231011;0
-230921;0
-230831;0
-230741;0
-230651;0
-230561;0
-230471;0
-230381;0
-230291;0
-230201;0
-230110;0
-230020;0
-229930;0
-229840;0
-229750;0
-229660;0
-229570;0
-229480;0
-229390;0
-229300;0
-229210;0
-229120;0
-229030;0
-228940;0
-228850;0
-228760;0
-228669;0
-228579;0
-228489;0
-228399;0
-228309;0
-228219;0
-228129;0
-228039;0
-227949;0
-227859;0
-227769;0
-227679;0
-227589;0
-227499;0
-227409;0
-227319;0
-227229;0
-227138;0
-227048;0
-226958;0
-226868;0
-226778;0
-226688;0
-226598;0
-226508;0
-226418;0
-226328;0
-226238;0
-226148;0
-226058;0
-225968;0
-225878;0
-225788;0
-225697;0
-225607;0
-225517;0
-225427;0
-225337;0
-225247;0
-225157;0
-225067;0
-224977;0
-224887;0
-224797;0
-224707;0
-224617;0
-224527;0
-224437;0
-224347;0
-224257;0
-224166;0
-224076;0
-223986;0
-223896;0
-223806;0
-223716;0
-223626;0
-223536;0
-223446;0
-223356;0
-223266;0
-223176;0
-223086;0
-222996;0
-222906;0
-222816;0
-222726;0
-222635;0
-222545;0
-222455;0
-222365;0
-222275;0
-222185;0
-222095;0
-222005;0
-221915;0
-221825;0
-221735;0
-221645;0
-221555;0
-221465;0
-221375;0
-221285;0
-221194;0
-221104;0
-221014;0
-220924;0
-220834;0
-220744;0
-220654;0
-220564;0
-220474;0
-220384;0
-220294;0
-220204;0
-220114;0
-220024;0
-219934;0
-219844;0
-219754;0
-219663;0
-219573;0
-219483;0
-219393;0
-219303;0
-219213;0
-219123;0
-219033;0
-218943;0
-218853;0
-218763;0
-218673;0
-218583;0
-218493;0
-218403;0
-218313;0
-218223;0
-218132;0
-218042;0
-217952;0
-217862;0
-217772;0
-217682;0
-217592;0
-217502;0
-217412;0
-217322;0
-217232;0
-217142;0
-217052;0
-216962;0
-216872;0
-216782;0
-216691;0
-216601;0
-216511;0
-216421;0
-216331;0
-216241;0
-216151;0
-216061;0
-215971;0
-215881;0
-215791;0
-215701;0
-215611;0
-215521;0
-215431;0
-215341;0
-215251;0
-215160;0
-215070;0
-214980;0
-214890;0
-214800;0
-214710;0
-214620;0
-214530;0
-214440;0
-214350;0
-214260;0
-214170;0
-214080;0
-213990;0
-213900;0
-213810;0
-213719;0
-213629;0
-213539;0
-213449;0
-213359;0
-213269;0
-213179;0
-213089;0
-212999;0
-212909;0
-212819;0
-212729;0
-212639;0
-212549;0
-212459;0
-212369;0
-212279;0
-212188;0
-212098;0
-212008;0
-211918;0
-211828;0
-211738;0
-211648;0
-211558;0
-211468;0
-211378;0
-211288;0
-211198;0
-211108;0
-211018;0
-210928;0
-210838;0
-210748;0
-210657;0
-210567;0
-210477;0
-210387;0
-210297;0
-210207;0
-210117;0
-210027;0
-209937;0
-209847;0
-209757;0
-209667;0
-209577;0
-209487;0
-209397;0
-209307;0
-209216;0
-209126;0
-209036;0
-208946;0
-208856;0
-208766;0
-208676;0
-208586;0
-208496;0
-208406;0
-208316;0
-208226;0
-208136;0
-208046;0
-207956;0
-207866;0
-207776;0
-207685;0
-207595;0
-207505;0
-207415;0
-207325;0
-207235;0
-207145;0
-207055;0
-206965;0
-206875;0
-206785;0
-206695;0
-206605;0
-206515;0
-206425;0
-206335;0
-206244;0
-206154;0
-206064;0
-205974;0
-205884;0
-205794;0
-205704;0
-205614;0
-205524;0
-205434;0
-205344;0
-205254;0
-205164;0
-205074;0
-204984;0
-204894;0
-204804;0
-204713;0
-204623;0
-204533;0
-204443;0
-204353;0
-204263;0
-204173;0
-204083;0
-203993;0
-203903;0
-203813;0
-203723;0
-203633;0
-203543;0
-203453;0
-203363;0
-203273;0
-203182;0
-203092;0
-203002;0
-202912;0
-202822;0
-202732;0
-202642;0
-202552;0
-202462;0
-202372;0
-202282;0
-202192;0
-202102;0
-202012;0
-201922;0
-201832;0
-201741;0
-201651;0
-201561;0
-201471;0
-201381;0
-201291;0
-201201;0
-201111;0
-201021;0
-200931;0
-200841;0
-200751;0
-200661;0
-200571;0
-200481;0
-200391;0
-200301;0
-200210;0
-200120;0
-200030;0
-199940;0
-199850;0
-199760;0
-199670;0
-199580;0
-199490;0
-199400;0
-199310;0
-199220;0
-199130;0
-199040;0
-198950;0
-198860;0
-198769;0
-198679;0
-198589;0
-198499;0
-198409;0
-198319;0
-198229;0
-198139;0
-198049;0
-197959;0
-197869;0
-197779;0
-197689;0
-197599;0
-197509;0
-197419;0
-197329;0
-197238;0
-197148;0
-197058;0
-196968;0
-196878;0
-196788;0
-196698;0
-196608;0
-196518;0
-196428;0
-196338;0
-196248;0
-196158;0
-196068;0
-195978;0
-195888;0
-195798;0
-195707;0
-195617;0
-195527;0
-195437;0
-195347;0
-195257;0
-195167;0
-195077;0
-194987;0
-194897;0
-194807;0
-194717;0
-194627;0
-194537;0
-194447;0
-194357;0
-194266;0
-194176;0
-194086;0
-193996;0
-193906;0
-193816;0
-193726;0
-193636;0
-193546;0
-193456;0
-193366;0
-193276;0
-193186;0
-193096;0
-193006;0
-192916;0
-192826;0
-192735;0
-192645;0
-192555;0
-192465;0
-192375;0
-192285;0
-192195;0
-192105;0
-192015;0
-191925;0
-191835;0
-191745;0
-191655;0
-191565;0
-191475;0
-191385;0
-191294;0
-191204;0
-191114;0
-191024;0
-190934;0
-190844;0
-190754;0
-190664;0
-190574;0
-190484;0
-190394;0
-190304;0
-190214;0
-190124;0
-190034;0
-189944;0
-189854;0
-189763;0
-189673;0
-189583;0
-189493;0
-189403;0
-189313;0
-189223;0
-189133;0
-189043;0
-188953;0
-188863;0
-188773;0
-188683;0
-188593;0
-188503;0
-188413;0
-188323;0
-188232;0
-188142;0
-188052;0
-187962;0
-187872;0
-187782;0
-187692;0
-187602;0
-187512;0
-187422;0
-187332;0
-187242;0
-187152;0
-187062;0
-186972;0
-186882;0
-186791;0
-186701;0
-186611;0
-186521;0
-186431;0
-186341;0
-186251;0
-186161;0
-186071;0
-185981;0
-185891;0
-185801;0
-185711;0
-185621;0
-185531;0
-185441;0
-185351;0
-185260;0
-185170;0
-185080;0
-184990;0
-184900;0
-184810;0
-184720;0
-184630;0
-184540;0
-184450;0
-184360;0
-184270;0
-184180;0
-184090;0
-184000;0
-183910;0
-183819;0
-183729;0
-183639;0
-183549;0
-183459;0
-183369;0
-183279;0
-183189;0
-183099;0
-183009;0
-182919;0
-182829;0
-182739;0
-182649;0
-182559;0
-182469;0
-182379;0
-182288;0
-182198;0
-182108;0
-182018;0
-181928;0
-181838;0
-181748;0
-181658;0
-181568;0
-181478;0
-181388;0
-181298;0
-181208;0
-181118;0
-181028;0
-180938;0
-180848;0
-180757;0
-180667;0
-180577;0
-180487;0
-180397;0
-180307;0
-180217;0
-180127;0
-180037;0
-179947;0
-179857;0
-179767;0
-179677;0
-179587;0
-179497;0
-179407;0
-179316;0
-179226;0
-179136;0
-179046;0
-178956;0
-178866;0
-178776;0
-178686;0
-178596;0
-178506;0
-178416;0
-178326;0
-178236;0
-178146;0
-178056;0
-177966;0
-177876;0
-177785;0
-177695;0
-177605;0
-177515;0
-177425;0
-177335;0
-177245;0
-177155;0
-177065;0
-176975;0
-176885;0
-176795;0
-176705;0
-176615;0
-176525;0
-176435;0
-176344;0
-176254;0
-176164;0
-176074;0
-175984;0
-175894;0
-175804;0
-175714;0
-175624;0
-175534;0
-175444;0
-175354;0
-175264;0
-175174;0
-175084;0
-174994;0
-174904;0
-174813;0
-174723;0
-174633;0
-174543;0
-174453;0
-174363;0
-174273;0
-174183;0
-174093;0
-174003;0
-173913;0
-173823;0
-173733;0
-173643;0
-173553;0
-173463;0
-173373;0
-173282;0
-173192;0
-173102;0
-173012;0
-172922;0
-172832;0
-172742;0
-172652;0
-172562;0
-172472;0
-172382;0
-172292;0
-172202;0
-172112;0
-172022;0
-171932;0
-171841;0
-171751;0
-171661;0
-171571;0
-171481;0
-171391;0
-171301;0
-171211;0
-171121;0
-171031;0
-170941;0
-170851;0
-170761;0
-170671;0
-170581;0
-170491;0
-170401;0
-170310;0
-170220;0
-170130;0
-170040;0
-169950;0
-169860;0
-169770;0
-169680;0
-169590;0
-169500;0
-169410;0
-169320;0
-169230;0
-169140;0
-169050;0
-168960;0
-168869;0
-168779;0
-168689;0
-168599;0
-168509;0
-168419;0
-168329;0
-168239;0
-168149;0
-168059;0
-167969;0
-167879;0
-167789;0
-167699;0
-167609;0
-167519;0
-167429;0
-167338;0
-167248;0
-167158;0
-167068;0
-166978;0
-166888;0
-166798;0
-166708;0
-166618;0
-166528;0
-166438;0
-166348;0
-166258;0
-166168;0
-166078;0
-165988;0
-165898;0
-165807;0
-165717;0
-165627;0
-165537;0
-165447;0
-165357;0
-165267;0
-165177;0
-165087;0
-164997;0
-164907;0
-164817;0
-164727;0
-164637;0
-164547;0
-164457;0
-164366;0
-164276;0
-164186;0
-164096;0
-164006;0
-163916;0
-163826;0
-163736;0
-163646;0
-163556;0
-163466;0
-163376;0
-163286;0
-163196;0
-163106;0
-163016;0
-162926;0
-162835;0
-162745;0
-162655;0
-162565;0
-162475;0
-162385;0
-162295;0
-162205;0
-162115;0
-162025;0
-161935;0
-161845;0
-161755;0
-161665;0
-161575;0
-161485;0
-161394;0
-161304;0
-161214;0
-161124;0
-161034;0
-160944;0
-160854;0
-160764;0
-160674;0
-160584;0
-160494;0
-160404;0
-160314;0
-160224;0
-160134;0
-160044;0
-159954;0
-159863;0
-159773;0
-159683;0
-159593;0
-159503;0
-159413;0
-159323;0
-159233;0
-159143;0
-159053;0
-158963;0
-158873;0
-158783;0
-158693;0
-158603;0
-158513;0
-158423;0
-158332;0
-158242;0
-158152;0
-158062;0
-157972;0
-157882;0
-157792;0
-157702;0
-157612;0
-157522;0
-157432;0
-157342;0
-157252;0
-157162;0
-157072;0
-156982;0
-156891;0
-156801;0
-156711;0
-156621;0
-156531;0
-156441;0
-156351;0
-156261;0
-156171;0
-156081;0
-155991;0
-155901;0
-155811;0
-155721;0
-155631;0
-155541;0
-155451;0
-155360;0
-155270;0
-155180;0
-155090;0
-155000;0
-154910;0
-154820;0
-154730;0
-154640;0
-154550;0
-154460;0
-154370;0
-154280;0
-154190;0
-154100;0
-154010;0
-153919;0
-153829;0
-153739;0
-153649;0
-153559;0
-153469;0
-153379;0
-153289;0
-153199;0
-153109;0
-153019;0
-152929;0
-152839;0
-152749;0
-152659;0
-152569;0
-152479;0
-152388;0
-152298;0
-152208;0
-152118;0
-152028;0
-151938;0
-151848;0
-151758;0
-151668;0
-151578;0
-151488;0
-151398;0
-151308;0
-151218;0
-151128;0
-151038;0
-150948;0
-150857;0
-150767;0
-150677;0
-150587;0
-150497;0
-150407;0
-150317;0
-150227;0
-150137;0
-150047;0
-149957;0
-149867;0
-149777;0
-149687;0
-149597;0
-149507;0
-149416;0
-149326;0
-149236;0
-149146;0
-149056;0
-148966;0
-148876;0
-148786;0
-148696;0
-148606;0
-148516;0
-148426;0
-148336;0
-148246;0
-148156;0
-148066;0
-147976;0
-147885;0
-147795;0
-147705;0
-147615;0
-147525;0
-147435;0
-147345;0
-147255;0
-147165;0
-147075;0
-146985;0
-146895;0
-146805;0
-146715;0
-146625;0
-146535;0
-146444;0
-146354;0
-146264;0
-146174;0
-146084;0
-145994;0
-145904;0
-145814;0
-145724;0
-145634;0
-145544;0
-145454;0
-145364;0
-145274;0
-145184;0
-145094;0
-145004;0
-144913;0
-144823;0
-144733;0
-144643;0
-144553;0
-144463;0
-144373;0
-144283;0
-144193;0
-144103;0
-144013;0
-143923;0
-143833;0
-143743;0
-143653;0
-143563;0
-143473;0
-143382;0
-143292;0
-143202;0
-143112;0
-143022;0
-142932;0
-142842;0
-142752;0
-142662;0
-142572;0
-142482;0
-142392;0
-142302;0
-142212;0
-142122;0
-142032;0
-141941;0
-141851;0
-141761;0
-141671;0
-141581;0
-141491;0
-141401;0
-141311;0
-141221;0
-141131;0
-141041;0
-140951;0
-140861;0
-140771;0
-140681;0
-140591;0
-140501;0
-140410;0
-140320;0
-140230;0
-140140;0
-140050;0
-139960;0
-139870;0
-139780;0
-139690;0
-139600;0
-139510;0
-139420;0
-139330;0
-139240;0
-139150;0
-139060;0
-138969;0
-138879;0
-138789;0
-138699;0
-138609;0
-138519;0
-138429;0
-138339;0
-138249;0
-138159;0
-138069;0
-137979;0
-137889;0
-137799;0
-137709;0
-137619;0
-137529;0
-137438;0
-137348;0
-137258;0
-137168;0
-137078;0
-136988;0
-136898;0
-136808;0
-136718;0
-136628;0
-136538;0
-136448;0
-136358;0
-136268;0
-136178;0
-136088;0
-135998;0
-135907;0
-135817;0
-135727;0
-135637;0
-135547;0
-135457;0
-135367;0
-135277;0
-135187;0
-135097;0
-135007;0
-134917;0
-134827;0
-134737;0
-134647;0
-134557;0
-134466;0
-134376;0
-134286;0
-134196;0
-134106;0
-134016;0
-133926;0
-133836;0
-133746;0
-133656;0
-133566;0
-133476;0
-133386;0
-133296;0
-133206;0
-133116;0
-133026;0
-132935;0
-132845;0
-132755;0
-132665;0
-132575;0
-132485;0
-132395;0
-132305;0
-132215;0
-132125;0
-132035;0
-131945;0
-131855;0
-131765;0
-131675;0
-131585;0
-131495;0
-131404;0
-131314;0
-131224;0
-131134;0
-131044;0
-130954;0
-130864;0
-130774;0
-130684;0
-130594;0
-130504;0
-130414;0
-130324;0
-130234;0
-130144;0
-130054;0
-129963;0
-129873;0
-129783;0
-129693;0
-129603;0
-129513;0
-129423;0
-129333;0
-129243;0
-129153;0
-129063;0
-128973;0
-128883;0
-128793;0
-128703;0
-128613;0
-128523;0
-128432;0
-128342;0
-128252;0
-128162;0
-128072;0
-127982;0
-127892;0
-127802;0
-127712;0
-127622;0
-127532;0
-127442;0
-127352;0
-127262;0
-127172;0
-127082;0
-126991;0
-126901;0
-126811;0
-126721;0
-126631;0
-126541;0
-126451;0
-126361;0
-126271;0
-126181;0
-126091;0
-126001;0
-125911;0
-125821;0
-125731;0
-125641;0
-125551;0
-125460;0
-125370;0
-125280;0
-125190;0
-125100;0
-125010;0
-124920;0
-124830;0
-124740;0
-124650;0
-124560;0
-124470;0
-124380;0
-124290;0
-124200;0
-124110;0
-124020;0
-123929;0
-123839;0
-123749;0
-123659;0
-123569;0
-123479;0
-123389;0
-123299;0
-123209;0
-123119;0
-123029;0
-122939;0
-122849;0
-122759;0
-122669;0
-122579;0
-122488;0
-122398;0
-122308;0
-122218;0
-122128;0
-122038;0
-121948;0
-121858;0
-121768;0
-121678;0
-121588;0
-121498;0
-121408;0
-121318;0
-121228;0
-121138;0
-121048;0
-120957;0
-120867;0
-120777;0
-120687;0
-120597;0
-120507;0
-120417;0
-120327;0
-120237;0
-120147;0
-120057;0
-119967;0
-119877;0
-119787;0
-119697;0
-119607;0
-119516;0
-119426;0
-119336;0
-119246;0
-119156;0
-119066;0
-118976;0
-118886;0
-118796;0
-118706;0
-118616;0
-118526;0
-118436;0
-118346;0
-118256;0
-118166;0
-118076;0
-117985;0
-117895;0
-117805;0
-117715;0
-117625;0
-117535;0
-117445;0
-117355;0
-117265;0
-117175;0
-117085;0
-116995;0
-116905;0
-116815;0
-116725;0
-116635;0
-116545;0
-116454;0
-116364;0
-116274;0
-116184;0
-116094;0
-116004;0
-115914;0
-115824;0
-115734;0
-115644;0
-115554;0
-115464;0
-115374;0
-115284;0
-115194;0
-115104;0
-115013;0
-114923;0
-114833;0
-114743;0
-114653;0
-114563;0
-114473;0
-114383;0
-114293;0
-114203;0
-114113;0
-114023;0
-113933;0
-113843;0
-113753;0
-113663;0
-113573;0
-113482;0
-113392;0
-113302;0
-113212;0
-113122;0
-113032;0
-112942;0
-112852;0
-112762;0
-112672;0
-112582;0
-112492;0
-112402;0
-112312;0
-112222;0
-112132;0
-112041;0
-111951;0
-111861;0
-111771;0
-111681;0
-111591;0
-111501;0
-111411;0
-111321;0
-111231;0
-111141;0
-111051;0
-110961;0
-110871;0
-110781;0
-110691;0
-110601;0
-110510;0
-110420;0
-110330;0
-110240;0
-110150;0
-110060;0
-109970;0
-109880;0
-109790;0
-109700;0
-109610;0
-109520;0
-109430;0
-109340;0
-109250;0
-109160;0
-109070;0
-108979;0
-108889;0
-108799;0
-108709;0
-108619;0
-108529;0
-108439;0
-108349;0
-108259;0
-108169;0
-108079;0
-107989;0
-107899;0
-107809;0
-107719;0
-107629;0
-107538;0
-107448;0
-107358;0
-107268;0
-107178;0
-107088;0
-106998;0
-106908;0
-106818;0
-106728;0
-106638;0
-106548;0
-106458;0
-106368;0
-106278;0
-106188;0
-106098;0
-106007;0
-105917;0
-105827;0
-105737;0
-105647;0
-105557;0
-105467;0
-105377;0
-105287;0
-105197;0
-105107;0
-105017;0
-104927;0
-104837;0
-104747;0
-104657;0
-104566;0
-104476;0
-104386;0
-104296;0
-104206;0
-104116;0
-104026;0
-103936;0
-103846;0
-103756;0
-103666;0
-103576;0
-103486;0
-103396;0
-103306;0
-103216;0
-103126;0
-103035;0
-102945;0
-102855;0
-102765;0
-102675;0
-102585;0
-102495;0
-102405;0
-102315;0
-102225;0
-102135;0
-102045;0
-101955;0
-101865;0
-101775;0
-101685;0
-101595;0
-101504;0
-101414;0
-101324;0
-101234;0
-101144;0
-101054;0
-100964;0
-100874;0
-100784;0
-100694;0
-100604;0
-100514;0
-100424;0
-100334;0
-100244;0
-100154;0
-100063;0
-99973.4;0
-99883.4;0
-99793.3;0
-99703.2;0
-99613.2;0
-99523.1;0
-99433.1;0
-99343;0
-99252.9;0
-99162.9;0
-99072.8;0
-98982.8;0
-98892.7;0
-98802.6;0
-98712.6;0
-98622.5;0
-98532.5;0
-98442.4;0
-98352.3;0
-98262.3;0
-98172.2;0
-98082.2;0
-97992.1;0
-97902;0
-97812;0
-97721.9;0
-97631.9;0
-97541.8;0
-97451.7;0
-97361.7;0
-97271.6;0
-97181.6;0
-97091.5;0
-97001.4;0
-96911.4;0
-96821.3;0
-96731.3;0
-96641.2;0
-96551.1;0
-96461.1;0
-96371;0
-96281;0
-96190.9;0
-96100.8;0
-96010.8;0
-95920.7;0
-95830.6;0
-95740.6;0
-95650.5;0
-95560.5;0
-95470.4;0
-95380.3;0
-95290.3;0
-95200.2;0
-95110.2;0
-95020.1;0
-94930;0
-94840;0
-94749.9;0
-94659.9;0
-94569.8;0
-94479.7;0
-94389.7;0
-94299.6;0
-94209.6;0
-94119.5;0
-94029.4;0
-93939.4;0
-93849.3;0
-93759.3;0
-93669.2;0
-93579.1;0
-93489.1;0
-93399;0
-93309;0
-93218.9;0
-93128.8;0
-93038.8;0
-92948.7;0
-92858.7;0
-92768.6;0
-92678.5;0
-92588.5;0
-92498.4;0
-92408.4;0
-92318.3;0
-92228.2;0
-92138.2;0
-92048.1;0
-91958.1;0
-91868;0
-91777.9;0
-91687.9;0
-91597.8;0
-91507.8;0
-91417.7;0
-91327.6;0
-91237.6;0
-91147.5;0
-91057.5;0
-90967.4;0
-90877.3;0
-90787.3;0
-90697.2;0
-90607.2;0
-90517.1;0
-90427;0
-90337;0
-90246.9;0
-90156.9;0
-90066.8;0
-89976.7;0
-89886.7;0
-89796.6;0
-89706.6;0
-89616.5;0
-89526.4;0
-89436.4;0
-89346.3;0
-89256.3;0
-89166.2;0
-89076.1;0
-88986.1;0
-88896;0
-88806;0
-88715.9;0
-88625.8;0
-88535.8;0
-88445.7;0
-88355.7;0
-88265.6;0
-88175.5;0
-88085.5;0
-87995.4;0
-87905.3;0
-87815.3;0
-87725.2;0
-87635.2;0
-87545.1;0
-87455;0
-87365;0
-87274.9;0
-87184.9;0
-87094.8;0
-87004.7;0
-86914.7;0
-86824.6;0
-86734.6;0
-86644.5;0
-86554.4;0
-86464.4;0
-86374.3;0
-86284.3;0
-86194.2;0
-86104.1;0
-86014.1;0
-85924;0
-85834;0
-85743.9;0
-85653.8;0
-85563.8;0
-85473.7;0
-85383.7;0
-85293.6;0
-85203.5;0
-85113.5;0
-85023.4;0
-84933.4;0
-84843.3;0
-84753.2;0
-84663.2;0
-84573.1;0
-84483.1;0
-84393;0
-84302.9;0
-84212.9;0
-84122.8;0
-84032.8;0
-83942.7;0
-83852.6;0
-83762.6;0
-83672.5;0
-83582.5;0
-83492.4;0
-83402.3;0
-83312.3;0
-83222.2;0
-83132.2;0
-83042.1;0
-82952;0
-82862;0
-82771.9;0
-82681.9;0
-82591.8;0
-82501.7;0
-82411.7;0
-82321.6;0
-82231.6;0
-82141.5;0
-82051.4;0
-81961.4;0
-81871.3;0
-81781.3;0
-81691.2;0
-81601.1;0
-81511.1;0
-81421;0
-81331;0
-81240.9;0
-81150.8;0
-81060.8;0
-80970.7;0
-80880.7;0
-80790.6;0
-80700.5;0
-80610.5;0
-80520.4;0
-80430.4;0
-80340.3;0
-80250.2;0
-80160.2;0
-80070.1;0
-79980;0
-79890;0
-79799.9;0
-79709.9;0
-79619.8;0
-79529.7;0
-79439.7;0
-79349.6;0
-79259.6;0
-79169.5;0
-79079.4;0
-78989.4;0
-78899.3;0
-78809.3;0
-78719.2;0
-78629.1;0
-78539.1;0
-78449;0
-78359;0
-78268.9;0
-78178.8;0
-78088.8;0
-77998.7;0
-77908.7;0
-77818.6;0
-77728.5;0
-77638.5;0
-77548.4;0
-77458.4;0
-77368.3;0
-77278.2;0
-77188.2;0
-77098.1;0
-77008.1;0
-76918;0
-76827.9;0
-76737.9;0
-76647.8;0
-76557.8;0
-76467.7;0
-76377.6;0
-76287.6;0
-76197.5;0
-76107.5;0
-76017.4;0
-75927.3;0
-75837.3;0
-75747.2;0
-75657.2;0
-75567.1;0
-75477;0
-75387;0
-75296.9;0
-75206.9;0
-75116.8;0
-75026.7;0
-74936.7;0
-74846.6;0
-74756.6;0
-74666.5;0
-74576.4;0
-74486.4;0
-74396.3;0
-74306.3;0
-74216.2;0
-74126.1;0
-74036.1;0
-73946;0
-73856;0
-73765.9;0
-73675.8;0
-73585.8;0
-73495.7;0
-73405.7;0
-73315.6;0
-73225.5;0
-73135.5;0
-73045.4;0
-72955.4;0
-72865.3;0
-72775.2;0
-72685.2;0
-72595.1;0
-72505.1;0
-72415;0
-72324.9;0
-72234.9;0
-72144.8;0
-72054.7;0
-71964.7;0
-71874.6;0
-71784.6;0
-71694.5;0
-71604.4;0
-71514.4;0
-71424.3;0
-71334.3;0
-71244.2;0
-71154.1;0
-71064.1;0
-70974;0
-70884;0
-70793.9;0
-70703.8;0
-70613.8;0
-70523.7;0
-70433.7;0
-70343.6;0
-70253.5;0
-70163.5;0
-70073.4;0
-69983.4;0
-69893.3;0
-69803.2;0
-69713.2;0
-69623.1;0
-69533.1;0
-69443;0
-69352.9;0
-69262.9;0
-69172.8;0
-69082.8;0
-68992.7;0
-68902.6;0
-68812.6;0
-68722.5;0
-68632.5;0
-68542.4;0
-68452.3;0
-68362.3;0
-68272.2;0
-68182.2;0
-68092.1;0
-68002;0
-67912;0
-67821.9;0
-67731.9;0
-67641.8;0
-67551.7;0
-67461.7;0
-67371.6;0
-67281.6;0
-67191.5;0
-67101.4;0
-67011.4;0
-66921.3;0
-66831.3;0
-66741.2;0
-66651.1;0
-66561.1;0
-66471;0
-66381;0
-66290.9;0
-66200.8;0
-66110.8;0
-66020.7;0
-65930.7;0
-65840.6;0
-65750.5;0
-65660.5;0
-65570.4;0
-65480.4;0
-65390.3;0
-65300.2;0
-65210.2;0
-65120.1;0
-65030.1;0
-64940;0
-64849.9;0
-64759.9;0
-64669.8;0
-64579.7;0
-64489.7;0
-64399.6;0
-64309.6;0
-64219.5;0
-64129.4;0
-64039.4;0
-63949.3;0
-63859.3;0
-63769.2;0
-63679.1;0
-63589.1;0
-63499;0
-63409;0
-63318.9;0
-63228.8;0
-63138.8;0
-63048.7;0
-62958.7;0
-62868.6;0
-62778.5;0
-62688.5;0
-62598.4;0
-62508.4;0
-62418.3;0
-62328.2;0
-62238.2;0
-62148.1;0
-62058.1;0
-61968;0
-61877.9;0
-61787.9;0
-61697.8;0
-61607.8;0
-61517.7;0
-61427.6;0
-61337.6;0
-61247.5;0
-61157.5;0
-61067.4;0
-60977.3;0
-60887.3;0
-60797.2;0
-60707.2;0
-60617.1;0
-60527;0
-60437;0
-60346.9;0
-60256.9;0
-60166.8;0
-60076.7;0
-59986.7;0
-59896.6;0
-59806.6;0
-59716.5;0
-59626.4;0
-59536.4;0
-59446.3;0
-59356.3;0
-59266.2;0
-59176.1;0
-59086.1;0
-58996;0
-58906;0
-58815.9;0
-58725.8;0
-58635.8;0
-58545.7;0
-58455.7;0
-58365.6;0
-58275.5;0
-58185.5;0
-58095.4;0
-58005.4;0
-57915.3;0
-57825.2;0
-57735.2;0
-57645.1;0
-57555.1;0
-57465;0
-57374.9;0
-57284.9;0
-57194.8;0
-57104.8;0
-57014.7;0
-56924.6;0
-56834.6;0
-56744.5;0
-56654.4;0
-56564.4;0
-56474.3;0
-56384.3;0
-56294.2;0
-56204.1;0
-56114.1;0
-56024;0
-55934;0
-55843.9;0
-55753.8;0
-55663.8;0
-55573.7;0
-55483.7;0
-55393.6;0
-55303.5;0
-55213.5;0
-55123.4;0
-55033.4;0
-54943.3;0
-54853.2;0
-54763.2;0
-54673.1;0
-54583.1;0
-54493;0
-54402.9;0
-54312.9;0
-54222.8;0
-54132.8;0
-54042.7;0
-53952.6;0
-53862.6;0
-53772.5;0
-53682.5;0
-53592.4;0
-53502.3;0
-53412.3;0
-53322.2;0
-53232.2;0
-53142.1;0
-53052;0
-52962;0
-52871.9;0
-52781.9;0
-52691.8;0
-52601.7;0
-52511.7;0
-52421.6;0
-52331.6;0
-52241.5;0
-52151.4;0
-52061.4;0
-51971.3;0
-51881.3;0
-51791.2;0
-51701.1;0
-51611.1;0
-51521;0
-51431;0
-51340.9;0
-51250.8;0
-51160.8;0
-51070.7;0
-50980.7;0
-50890.6;0
-50800.5;0
-50710.5;0
-50620.4;0
-50530.4;0
-50440.3;0
-50350.2;0
-50260.2;0
-50170.1;0
-50080.1;0
-49990;0
-49899.9;0
-49809.9;0
-49719.8;0
-49629.8;0
-49539.7;0
-49449.6;0
-49359.6;0
-49269.5;0
-49179.5;0
-49089.4;0
-48999.3;0
-48909.3;0
-48819.2;0
-48729.1;0
-48639.1;0
-48549;0
-48459;0
-48368.9;0
-48278.8;0
-48188.8;0
-48098.7;0
-48008.7;0
-47918.6;0
-47828.5;0
-47738.5;0
-47648.4;0
-47558.4;0
-47468.3;0
-47378.2;0
-47288.2;0
-47198.1;0
-47108.1;0
-47018;0
-46927.9;0
-46837.9;0
-46747.8;0
-46657.8;0
-46567.7;0
-46477.6;0
-46387.6;0
-46297.5;0
-46207.5;0
-46117.4;0
-46027.3;0
-45937.3;0
-45847.2;0
-45757.2;0
-45667.1;0
-45577;0
-45487;0
-45396.9;0
-45306.9;0
-45216.8;0
-45126.7;0
-45036.7;0
-44946.6;0
-44856.6;0
-44766.5;0
-44676.4;0
-44586.4;0
-44496.3;0
-44406.3;0
-44316.2;0
-44226.1;0
-44136.1;0
-44046;0
-43956;0
-43865.9;0
-43775.8;0
-43685.8;0
-43595.7;0
-43505.7;0
-43415.6;0
-43325.5;0
-43235.5;0
-43145.4;0
-43055.4;0
-42965.3;0
-42875.2;0
-42785.2;0
-42695.1;0
-42605.1;0
-42515;0
-42424.9;0
-42334.9;0
-42244.8;0
-42154.8;0
-42064.7;0
-41974.6;0
-41884.6;0
-41794.5;0
-41704.5;0
-41614.4;0
-41524.3;0
-41434.3;0
-41344.2;0
-41254.2;0
-41164.1;0
-41074;0
-40984;0
-40893.9;0
-40803.8;0
-40713.8;0
-40623.7;0
-40533.7;0
-40443.6;0
-40353.5;0
-40263.5;0
-40173.4;0
-40083.4;0
-39993.3;0
-39903.2;0
-39813.2;0
-39723.1;0
-39633.1;0
-39543;0
-39452.9;0
-39362.9;0
-39272.8;0
-39182.8;0
-39092.7;0
-39002.6;0
-38912.6;0
-38822.5;0
-38732.5;0
-38642.4;0
-38552.3;0
-38462.3;0
-38372.2;0
-38282.2;0
-38192.1;0
-38102;0
-38012;0
-37921.9;0
-37831.9;0
-37741.8;0
-37651.7;0
-37561.7;0
-37471.6;0
-37381.6;0
-37291.5;0
-37201.4;0
-37111.4;0
-37021.3;0
-36931.3;0
-36841.2;0
-36751.1;0
-36661.1;0
-36571;0
-36481;0
-36390.9;0
-36300.8;0
-36210.8;0
-36120.7;0
-36030.7;0
-35940.6;0
-35850.5;0
-35760.5;0
-35670.4;0
-35580.4;0
-35490.3;0
-35400.2;0
-35310.2;0
-35220.1;0
-35130.1;0
-35040;0
-34949.9;0
-34859.9;0
-34769.8;0
-34679.8;0
-34589.7;0
-34499.6;0
-34409.6;0
-34319.5;0
-34229.5;0
-34139.4;0
-34049.3;0
-33959.3;0
-33869.2;0
-33779.2;0
-33689.1;0
-33599;0
-33509;0
-33418.9;0
-33328.9;0
-33238.8;0
-33148.7;0
-33058.7;0
-32968.6;0
-32878.5;0
-32788.5;0
-32698.4;0
-32608.4;0
-32518.3;0
-32428.2;0
-32338.2;0
-32248.1;0
-32158.1;0
-32068;0
-31977.9;0
-31887.9;0
-31797.8;0
-31707.8;0
-31617.7;0
-31527.6;0
-31437.6;0
-31347.5;0
-31257.5;0
-31167.4;0
-31077.3;0
-30987.3;0
-30897.2;0
-30807.2;0
-30717.1;0
-30627;0
-30537;0
-30446.9;0
-30356.9;0
-30266.8;0
-30176.7;0
-30086.7;0
-29996.6;0
-29906.6;0
-29816.5;0
-29726.4;0
-29636.4;0
-29546.3;0
-29456.3;0
-29366.2;0
-29276.1;0
-29186.1;0
-29096;0
-29006;0
-28915.9;0
-28825.8;0
-28735.8;0
-28645.7;0
-28555.7;0
-28465.6;0
-28375.5;0
-28285.5;0
-28195.4;0
-28105.4;0
-28015.3;0
-27925.2;0
-27835.2;0
-27745.1;0
-27655.1;0
-27565;0
-27474.9;0
-27384.9;0
-27294.8;0
-27204.8;0
-27114.7;0
-27024.6;0
-26934.6;0
-26844.5;0
-26754.5;0
-26664.4;0
-26574.3;0
-26484.3;0
-26394.2;0
-26304.2;0
-26214.1;0
-26124;0
-26034;0
-25943.9;0
-25853.9;0
-25763.8;0
-25673.7;0
-25583.7;0
-25493.6;0
-25403.6;0
-25313.5;0
-25223.4;0
-25133.4;0
-25043.3;0
-24953.2;0
-24863.2;0
-24773.1;0
-24683.1;0
-24593;0
-24502.9;0
-24412.9;0
-24322.8;0
-24232.8;0
-24142.7;0
-24052.6;0
-23962.6;0
-23872.5;0
-23782.5;0
-23692.4;0
-23602.3;0
-23512.3;0
-23422.2;0
-23332.2;0
-23242.1;0
-23152;0
-23062;0
-22971.9;0
-22881.9;0
-22791.8;0
-22701.7;0
-22611.7;0
-22521.6;0
-22431.6;0
-22341.5;0
-22251.4;0
-22161.4;0
-22071.3;0
-21981.3;0
-21891.2;0
-21801.1;0
-21711.1;0
-21621;0
-21531;0
-21440.9;0
-21350.8;0
-21260.8;0
-21170.7;0
-21080.7;0
-20990.6;0
-20900.5;0
-20810.5;0
-20720.4;0
-20630.4;0
-20540.3;0
-20450.2;0
-20360.2;0
-20270.1;0
-20180.1;0
-20090;0
-19999.9;0
-19909.9;0
-19819.8;0
-19729.8;0
-19639.7;0
-19549.6;0
-19459.6;0
-19369.5;0
-19279.5;0
-19189.4;0
-19099.3;0
-19009.3;0
-18919.2;0
-18829.2;0
-18739.1;0
-18649;0
-18559;0
-18468.9;0
-18378.9;0
-18288.8;0
-18198.7;0
-18108.7;0
-18018.6;0
-17928.6;0
-17838.5;0
-17748.4;0
-17658.4;0
-17568.3;0
-17478.3;0
-17388.2;0
-17298.1;0
-17208.1;0
-17118;0
-17027.9;0
-16937.9;0
-16847.8;0
-16757.8;0
-16667.7;0
-16577.6;0
-16487.6;0
-16397.5;0
-16307.5;0
-16217.4;0
-16127.3;0
-16037.3;0
-15947.2;0
-15857.2;0
-15767.1;0
-15677;0
-15587;0
-15496.9;0
-15406.9;0
-15316.8;0
-15226.7;0
-15136.7;0
-15046.6;0
-14956.6;0
-14866.5;0
-14776.4;0
-14686.4;0
-14596.3;0
-14506.3;0
-14416.2;0
-14326.1;0
-14236.1;0
-14146;0
-14056;0
-13965.9;0
-13875.8;0
-13785.8;0
-13695.7;0
-13605.7;0
-13515.6;0
-13425.5;0
-13335.5;0
-13245.4;0
-13155.4;0
-13065.3;0
-12975.2;0
-12885.2;0
-12795.1;0
-12705.1;0
-12615;0
-12524.9;0
-12434.9;0
-12344.8;0
-12254.8;0
-12164.7;0
-12074.6;0
-11984.6;0
-11894.5;0
-11804.5;0
-11714.4;0
-11624.3;0
-11534.3;0
-11444.2;0
-11354.2;0
-11264.1;0
-11174;0
-11084;0
-10993.9;0
-10903.9;0
-10813.8;0
-10723.7;0
-10633.7;0
-10543.6;0
-10453.6;0
-10363.5;0
-10273.4;0
-10183.4;0
-10093.3;0
-10003.3;0
-9913.19;0
-9823.13;0
-9733.07;0
-9643.01;0
-9552.95;0
-9462.89;0
-9372.83;0
-9282.77;0
-9192.71;0
-9102.65;0
-9012.59;0
-8922.53;0
-8832.47;0
-8742.41;0
-8652.35;0
-8562.29;0
-8472.23;0
-8382.17;0
-8292.11;0
-8202.05;0
-8111.99;0
-8021.93;0
-7931.87;0
-7841.81;0
-7751.75;0
-7661.69;0
-7571.62;0
-7481.56;0
-7391.5;0
-7301.44;0
-7211.38;0
-7121.32;0
-7031.26;0
-6941.2;0
-6851.14;0
-6761.08;0
-6671.02;0
-6580.96;0
-6490.9;0
-6400.84;0
-6310.78;0
-6220.72;0
-6130.66;0
-6040.6;0
-5950.54;0
-5860.48;0
-5770.42;0
-5680.36;0
-5590.3;0
-5500.24;0
-5410.18;0
-5320.12;0
-5230.06;0
-5140;0
-5049.94;0
-4959.88;0
-4869.82;0
-4779.76;0
-4689.7;0
-4599.64;0
-4509.58;0
-4419.52;0
-4329.46;0
-4239.4;0
-4149.34;0
-4059.28;0
-3969.22;0
-3879.16;0
-3789.1;0
-3699.04;0
-3608.97;0
-3518.91;0
-3428.85;0
-3338.79;0
-3248.73;0
-3158.67;0
-3068.61;0
-2978.55;0
-2888.49;0
-2798.43;0
-2708.37;0
-2618.31;0
-2528.25;0
-2438.19;0
-2348.13;0
-2258.07;0
-2168.01;0
-2077.95;0
-1987.89;0
-1897.83;0
-1807.77;0
-1717.71;0
-1627.65;0
-1537.59;0
-1447.53;0
-1357.47;0
-1267.41;0
-1177.35;0
-1087.29;0
-997.228;0
-907.168;0
-817.108;0
-727.048;0
-636.987;0
-546.927;0
-456.867;0
-366.807;0
-276.746;0
-186.686;0
-96.6259;0
-6.56567;9864
83.4946;0
173.555;0
263.615;0
353.675;0
443.735;0
533.796;0
623.856;0
713.916;0
803.976;0
894.037;0
984.097;0
1074.16;0
1164.22;0
1254.28;0
1344.34;0
1434.4;0
1524.46;0
1614.52;0
1704.58;0
1794.64;0
1884.7;0
1974.76;0
2064.82;0
2154.88;0
2244.94;0
2335;0
2425.06;0
2515.12;0
2605.18;0
2695.24;0
2785.3;0
2875.36;0
2965.42;0
3055.48;0
3145.54;0
3235.6;0
3325.66;0
3415.72;0
3505.78;0
3595.84;0
3685.9;0
3775.96;0
3866.02;0
3956.08;0
4046.14;0
4136.2;0
4226.27;0
4316.33;0
4406.39;0
4496.45;0
4586.51;0
4676.57;0
4766.63;0
4856.69;0
4946.75;0
5036.81;0
5126.87;0
5216.93;0
5306.99;0
5397.05;0
5487.11;0
5577.17;0
5667.23;0
5757.29;0
5847.35;0
5937.41;0
6027.47;0
6117.53;0
6207.59;0
6297.65;0
6387.71;0
6477.77;0
6567.83;0
6657.89;0
6747.95;0
6838.01;0
6928.07;0
7018.13;0
7108.19;0
7198.25;0
7288.31;0
7378.37;0
7468.43;0
7558.49;0
7648.55;0
7738.61;0
7828.67;0
7918.73;0
8008.79;0
8098.85;0
8188.92;0
8278.98;0
8369.04;0
8459.1;0
8549.16;0
8639.22;0
8729.28;0
8819.34;0
8909.4;0
8999.46;0
9089.52;0
9179.58;0
9269.64;0
9359.7;0
9449.76;1
9539.82;0
9629.88;0
9719.94;0
9810;0
9900.06;0
9990.12;0
10080.2;0
10170.2;0
10260.3;0
10350.4;0
10440.4;0
10530.5;0
10620.5;0
10710.6;0
10800.7;0
10890.7;0
10980.8;0
11070.8;0
11160.9;0
11251;0
11341;0
11431.1;0
11521.1;0
11611.2;0
11701.3;0
11791.3;0
11881.4;0
11971.4;0
12061.5;0
12151.6;0
12241.6;0
12331.7;0
12421.7;0
12511.8;0
12601.9;0
12691.9;0
12782;0
12872;0
12962.1;0
13052.2;0
13142.2;0
13232.3;0
13322.3;0
13412.4;0
13502.5;0
13592.5;0
13682.6;0
13772.6;0
13862.7;0
13952.8;0
14042.8;0
14132.9;0
14223;0
14313;0
14403.1;0
14493.1;0
14583.2;0
14673.3;0
14763.3;0
14853.4;0
14943.4;0
15033.5;0
15123.6;0
15213.6;0
15303.7;0
15393.7;0
15483.8;0
15573.9;0
15663.9;0
15754;0
15844;0
15934.1;0
16024.2;0
16114.2;0
16204.3;0
16294.3;0
16384.4;0
16474.5;0
16564.5;0
16654.6;0
16744.6;0
16834.7;0
16924.8;0
17014.8;0
17104.9;0
17194.9;0
17285;0
17375.1;0
17465.1;0
17555.2;0
17645.2;0
17735.3;0
17825.4;0
17915.4;0
18005.5;0
18095.5;0
18185.6;0
18275.7;0
18365.7;0
18455.8;0
18545.8;0
18635.9;0
18726;0
18816;0
18906.1;0
18996.1;0
19086.2;0
19176.3;0
19266.3;0
19356.4;0
19446.4;0
19536.5;0
19626.6;0
19716.6;0
19806.7;0
19896.7;0
19986.8;0
20076.9;0
20166.9;0
20257;0
20347;0
20437.1;0
20527.2;0
20617.2;0
20707.3;0
20797.3;0
20887.4;0
20977.5;0
21067.5;0
21157.6;0
21247.6;0
21337.7;0
21427.8;0
21517.8;0
21607.9;0
21697.9;1
21788;0
21878.1;0
21968.1;0
22058.2;0
22148.3;0
22238.3;0
22328.4;0
22418.4;0
22508.5;0
22598.6;0
22688.6;0
22778.7;0
22868.7;0
22958.8;0
23048.9;0
23138.9;0
23229;0
23319;0
23409.1;0
23499.2;0
23589.2;0
23679.3;0
23769.3;0
23859.4;0
23949.5;0
24039.5;0
24129.6;0
24219.6;0
24309.7;0
24399.8;0
24489.8;0
24579.9;0
24669.9;0
24760;0
24850.1;0
24940.1;0
25030.2;0
25120.2;0
25210.3;0
25300.4;0
25390.4;0
25480.5;1
25570.5;0
25660.6;0
25750.7;0
25840.7;0
25930.8;0
26020.8;0
26110.9;0
26201;0
26291;0
26381.1;0
26471.1;0
26561.2;0
26651.3;0
26741.3;0
26831.4;0
26921.4;0
27011.5;0
27101.6;0
27191.6;0
27281.7;0
27371.7;0
27461.8;0
27551.9;0
27641.9;0
27732;0
27822;0
27912.1;0
28002.2;0
28092.2;0
28182.3;0
28272.3;0
28362.4;0
28452.5;0
28542.5;0
28632.6;0
28722.6;0
28812.7;0
28902.8;0
28992.8;0
29082.9;0
29172.9;0
29263;0
29353.1;0
29443.1;0
29533.2;0
29623.2;0
29713.3;0
29803.4;0
29893.4;0
29983.5;0
30073.6;0
30163.6;0
30253.7;0
30343.7;0
30433.8;0
30523.9;0
30613.9;0
30704;0
30794;0
30884.1;0
30974.2;0
31064.2;0
31154.3;0
31244.3;0
31334.4;0
31424.5;0
31514.5;0
31604.6;0
31694.6;0
31784.7;0
31874.8;0
31964.8;0
32054.9;0
32144.9;0
32235;0
32325.1;0
32415.1;0
32505.2;0
32595.2;0
32685.3;0
32775.4;0
32865.4;0
32955.5;0
33045.5;0
33135.6;0
33225.7;0
33315.7;0
33405.8;0
33495.8;1
33585.9;0
33676;1
33766;0
33856.1;0
33946.1;0
34036.2;0
34126.3;0
34216.3;0
34306.4;0
34396.4;0
34486.5;0
34576.6;0
34666.6;0
34756.7;0
34846.7;0
34936.8;0
35026.9;0
35116.9;0
35207;0
35297;0
35387.1;0
35477.2;0
35567.2;0
35657.3;0
35747.3;0
35837.4;0
35927.5;0
36017.5;0
36107.6;0
36197.6;0
36287.7;0
36377.8;0
36467.8;0
36557.9;0
36647.9;0
36738;0
36828.1;0
36918.1;0
37008.2;0
37098.2;0
37188.3;0
37278.4;0
37368.4;0
37458.5;0
37548.5;0
37638.6;0
37728.7;0
37818.7;0
37908.8;0
37998.9;0
38088.9;0
38179;0
38269;0
38359.1;0
38449.2;0
38539.2;0
38629.3;0
38719.3;0
38809.4;0
38899.5;0
38989.5;0
39079.6;0
39169.6;0
39259.7;0
39349.8;0
39439.8;0
39529.9;0
39619.9;0
39710;1
39800.1;0
39890.1;0
39980.2;0
40070.2;0
40160.3;0
40250.4;0
40340.4;0
40430.5;0
40520.5;0
40610.6;0
40700.7;0
40790.7;0
40880.8;0
40970.8;0
41060.9;0
41151;0
41241;0
41331.1;0
41421.1;0
41511.2;0
41601.3;0
41691.3;0
41781.4;0
41871.4;0
41961.5;0
42051.6;0
42141.6;0
42231.7;0
42321.7;0
42411.8;0
42501.9;0
42591.9;0
42682;0
42772;0
42862.1;0
42952.2;0
43042.2;0
43132.3;0
43222.3;0
43312.4;0
43402.5;0
43492.5;0
43582.6;0
43672.6;0
43762.7;0
43852.8;0
43942.8;0
44032.9;0
44122.9;0
44213;0
44303.1;0
44393.1;0
44483.2;0
44573.2;1
44663.3;0
44753.4;0
44843.4;0
44933.5;0
45023.5;0
45113.6;0
45203.7;0
45293.7;0
45383.8;0
45473.9;0
45563.9;0
45654;0
45744;0
45834.1;0
45924.2;0
46014.2;0
46104.3;0
46194.3;0
46284.4;0
46374.5;0
46464.5;0
46554.6;1
46644.6;0
46734.7;0
46824.8;0
46914.8;0
47004.9;0
47094.9;0
47185;0
47275.1;0
47365.1;0
47455.2;0
47545.2;0
47635.3;0
47725.4;0
47815.4;0
47905.5;0
47995.5;0
48085.6;0
48175.7;0
48265.7;0
48355.8;0
48445.8;0
48535.9;0
48626;0
48716;0
48806.1;0
48896.1;0
48986.2;0
49076.3;0
49166.3;0
49256.4;0
49346.4;0
49436.5;0
49526.6;0
49616.6;0
49706.7;0
49796.7;0
49886.8;0
49976.9;0
50066.9;0
50157;0
50247;0
50337.1;0
50427.2;0
50517.2;0
50607.3;0
50697.3;0
50787.4;0
50877.5;0
50967.5;0
51057.6;0
51147.6;0
51237.7;0
51327.8;0
51417.8;0
51507.9;0
51597.9;0
51688;0
51778.1;0
51868.1;0
51958.2;0
52048.2;0
52138.3;0
52228.4;0
52318.4;0
52408.5;0
52498.5;0
52588.6;0
52678.7;0
52768.7;0
52858.8;0
52948.8;0
53038.9;0
53129;0
53219;0
53309.1;0
53399.2;0
53489.2;0
53579.3;0
53669.3;0
53759.4;0
53849.5;0
53939.5;0
54029.6;0
54119.6;0
54209.7;0
54299.8;0
54389.8;0
54479.9;0
54569.9;0
54660;0
54750.1;0
54840.1;0
54930.2;0
55020.2;0
55110.3;0
55200.4;0
55290.4;0
55380.5;1
55470.5;0
55560.6;0
55650.7;0
55740.7;0
55830.8;0
55920.8;0
56010.9;0
56101;0
56191;0
56281.1;0
56371.1;0
56461.2;0
56551.3;0
56641.3;0
56731.4;0
56821.4;0
56911.5;0
57001.6;0
57091.6;0
57181.7;0
57271.7;0
57361.8;0
57451.9;0
57541.9;0
57632;0
57722;0
57812.1;0
57902.2;0
57992.2;0
58082.3;0
58172.3;0
58262.4;0
58352.5;0
58442.5;0
58532.6;0
58622.6;0
58712.7;0
58802.8;0
58892.8;0
58982.9;0
59072.9;0
59163;0
59253.1;0
59343.1;0
59433.2;0
59523.2;0
59613.3;0
59703.4;0
59793.4;0
59883.5;0
59973.5;0
60063.6;0
60153.7;0
60243.7;0
60333.8;0
60423.8;0
60513.9;0
60604;0
60694;0
60784.1;0
60874.1;0
60964.2;0
61054.3;0
61144.3;0
61234.4;0
61324.5;0
61414.5;0
61504.6;0
61594.6;0
61684.7;0
61774.8;0
61864.8;0
61954.9;0
62044.9;0
62135;0
62225.1;0
62315.1;0
62405.2;0
62495.2;0
62585.3;0
62675.4;0
62765.4;0
62855.5;0
62945.5;0
63035.6;0
63125.7;0
63215.7;0
63305.8;0
63395.8;0
63485.9;0
63576;0
63666;0
63756.1;0
63846.1;0
63936.2;0
64026.3;0
64116.3;0
64206.4;0
64296.4;0
64386.5;0
64476.6;0
64566.6;0
64656.7;0
64746.7;0
64836.8;0
64926.9;0
65016.9;0
65107;0
65197;0
65287.1;0
65377.2;0
65467.2;0
65557.3;0
65647.3;0
65737.4;0
65827.5;0
65917.5;0
66007.6;0
66097.6;0
66187.7;0
66277.8;0
66367.8;0
66457.9;0
66547.9;0
66638;0
66728.1;0
66818.1;0
66908.2;0
66998.2;0
67088.3;0
67178.4;0
67268.4;0
67358.5;0
67448.5;0
67538.6;0
67628.7;0
67718.7;0
67808.8;0
67898.8;0
67988.9;0
68079;0
68169;0
68259.1;0
68349.1;0
68439.2;0
68529.3;0
68619.3;0
68709.4;0
68799.4;0
68889.5;0
68979.6;0
69069.6;0
69159.7;0
69249.8;0
69339.8;0
69429.9;0
69519.9;0
69610;0
69700.1;0
69790.1;0
69880.2;0
69970.2;0
70060.3;0
70150.4;0
70240.4;0
70330.5;0
70420.5;0
70510.6;0
70600.7;1
70690.7;0
70780.8;0
70870.8;0
70960.9;0
71051;0
71141;0
71231.1;0
71321.1;1
71411.2;0
71501.3;0
71591.3;0
71681.4;0
71771.4;0
71861.5;0
71951.6;0
72041.6;1
72131.7;0
72221.7;0
72311.8;0
72401.9;0
72491.9;0
72582;0
72672;0
72762.1;0
72852.2;0
72942.2;0
73032.3;0
73122.3;0
73212.4;0
73302.5;0
73392.5;1
73482.6;0
73572.6;0
73662.7;0
73752.8;0
73842.8;0
73932.9;0
74022.9;0
74113;0
74203.1;0
74293.1;0
74383.2;0
74473.2;0
74563.3;0
74653.4;0
74743.4;0
74833.5;0
74923.5;0
75013.6;0
75103.7;0
75193.7;0
75283.8;0
75373.8;0
75463.9;0
75554;0
75644;0
75734.1;0
75824.1;0
75914.2;0
76004.3;0
76094.3;0
76184.4;0
76274.4;0
76364.5;0
76454.6;0
76544.6;0
76634.7;0
76724.7;0
76814.8;0
76904.9;0
76994.9;0
77085;0
77175.1;0
77265.1;0
77355.2;0
77445.2;0
77535.3;0
77625.4;0
77715.4;0
77805.5;0
77895.5;0
77985.6;0
78075.7;0
78165.7;0
78255.8;0
78345.8;0
78435.9;0
78526;0
78616;0
78706.1;0
78796.1;0
78886.2;0
78976.3;0
79066.3;0
79156.4;0
79246.4;0
79336.5;0
79426.6;0
79516.6;0
79606.7;0
79696.7;0
79786.8;0
79876.9;0
79966.9;0
80057;0
80147;0
80237.1;0
80327.2;0
80417.2;0
80507.3;0
80597.3;0
80687.4;0
80777.5;0
80867.5;0
80957.6;0
81047.6;0
81137.7;0
81227.8;0
81317.8;0
81407.9;0
81497.9;0
81588;0
81678.1;0
81768.1;0
81858.2;0
81948.2;0
82038.3;0
82128.4;0
82218.4;0
82308.5;0
82398.5;0
82488.6;0
82578.7;0
82668.7;0
82758.8;0
82848.8;0
82938.9;0
83029;0
83119;0
83209.1;0
83299.1;0
83389.2;0
83479.3;0
83569.3;0
83659.4;0
83749.4;0
83839.5;0
83929.6;0
84019.6;0
84109.7;0
84199.7;0
84289.8;1
84379.9;0
84469.9;0
84560;0
84650;0
84740.1;0
84830.2;0
84920.2;0
85010.3;0
85100.4;0
85190.4;0
85280.5;0
85370.5;0
85460.6;0
85550.7;0
85640.7;1
85730.8;0
85820.8;0
85910.9;0
86001;0
86091;0
86181.1;0
86271.1;0
86361.2;0
86451.3;0
86541.3;0
86631.4;0
86721.4;0
86811.5;0
86901.6;0
86991.6;0
87081.7;0
87171.7;0
87261.8;0
87351.9;0
87441.9;0
87532;0
87622;0
87712.1;0
87802.2;0
87892.2;0
87982.3;0
88072.3;0
88162.4;0
88252.5;0
88342.5;0
88432.6;0
88522.6;0
88612.7;0
88702.8;0
88792.8;0
88882.9;0
88972.9;0
89063;0
89153.1;0
89243.1;0
89333.2;0
89423.2;0
89513.3;0
89603.4;0
89693.4;0
89783.5;0
89873.5;0
89963.6;0
90053.7;0
90143.7;0
90233.8;0
90323.8;0
90413.9;0
90504;0
90594;0
90684.1;0
90774.1;0
90864.2;0
90954.3;0
91044.3;0
91134.4;0
91224.4;0
91314.5;0
91404.6;0
91494.6;0
91584.7;0
91674.7;0
91764.8;0
91854.9;0
91944.9;0
92035;0
92125;0
92215.1;0
92305.2;0
92395.2;0
92485.3;0
92575.3;0
92665.4;0
92755.5;0
92845.5;0
92935.6;0
93025.7;0
93115.7;0
93205.8;0
93295.8;0
93385.9;0
93476;0
93566;0
93656.1;0
93746.1;0
93836.2;0
93926.3;0
94016.3;0
94106.4;0
94196.4;0
94286.5;0
94376.6;0
94466.6;0
94556.7;0
94646.7;0
94736.8;0
94826.9;0
94916.9;0
95007;0
95097;0
95187.1;0
95277.2;0
95367.2;0
95457.3;0
95547.3;0
95637.4;0
95727.5;0
95817.5;0
95907.6;0
95997.6;0
96087.7;0
96177.8;0
96267.8;0
96357.9;0
96447.9;0
96538;0
96628.1;0
96718.1;0
96808.2;0
96898.2;0
96988.3;0
97078.4;0
97168.4;0
97258.5;0
97348.5;0
97438.6;0
97528.7;0
97618.7;0
97708.8;0
97798.8;0
97888.9;0
97979;0
98069;0
98159.1;0
98249.1;0
98339.2;0
98429.3;0
98519.3;0
98609.4;0
98699.4;0
98789.5;0
98879.6;0
98969.6;0
99059.7;0
99149.7;0
99239.8;0
99329.9;0
99419.9;0
99510;0
99600;0
99690.1;0
99780.2;0
99870.2;0
99960.3;0
100050;0
100140;0
100230;0
100321;0
100411;0
100501;0
100591;0
100681;0
100771;0
100861;0
100951;0
101041;0
101131;0
101221;0
101311;0
101401;0
101491;0
101581;0
101671;0
101761;0
101852;0
101942;0
102032;0
102122;0
102212;0
102302;0
102392;0
102482;0
102572;0
102662;0
102752;0
102842;0
102932;0
103022;0
103112;0
103202;0
103293;0
103383;0
103473;0
103563;0
103653;0
103743;0
103833;0
103923;0
104013;0
104103;0
104193;0
104283;0
104373;0
104463;0
104553;0
104643;0
104733;0
104824;0
104914;0
105004;0
105094;0
105184;0
105274;0
105364;0
105454;0
105544;0
105634;0
105724;0
105814;0
105904;0
105994;0
106084;0
106174;0
106265;0
106355;1
106445;0
106535;0
106625;0
106715;0
106805;0
106895;0
106985;0
107075;0
107165;0
107255;0
107345;0
107435;0
107525;0
107615;0
107705;0
107796;0
107886;0
107976;0
108066;0
108156;0
108246;0
108336;0
108426;0
108516;0
108606;0
108696;0
108786;0
108876;0
108966;0
109056;0
109146;0
109236;0
109327;0
109417;0
109507;0
109597;0
109687;0
109777;0
109867;0
109957;0
110047;0
110137;0
110227;0
110317;0
110407;0
110497;0
110587;0
110677;0
110768;0
110858;0
110948;0
111038;0
111128;0
111218;0
111308;0
111398;0
111488;0
111578;0
111668;0
111758;0
111848;0
111938;0
112028;0
112118;0
112208;0
112299;0
112389;0
112479;0
112569;0
112659;0
112749;0
112839;0
112929;0
113019;0
113109;0
113199;0
113289;0
113379;0
113469;0
113559;0
113649;0
113740;0
113830;0
113920;0
114010;0
114100;0
114190;0
114280;0
114370;0
114460;0
114550;0
114640;0
114730;0
114820;0
114910;0
115000;0
115090;0
115180;0
115271;0
115361;0
115451;0
115541;0
115631;0
115721;0
115811;1
115901;0
115991;0
116081;0
116171;0
116261;0
116351;0
116441;0
116531;0
116621;0
116711;0
116802;0
116892;0
116982;0
117072;0
117162;0
117252;0
117342;0
117432;0
117522;0
117612;0
117702;0
117792;0
117882;0
117972;0
118062;0
118152;0
118243;0
118333;0
118423;0
118513;0
118603;0
118693;0
118783;0
118873;0
118963;0
119053;0
119143;0
119233;0
119323;0
119413;0
119503;0
119593;0
119683;0
119774;0
119864;0
119954;0
120044;0
120134;0
120224;0
120314;0
120404;0
120494;0
120584;0
120674;0
120764;0
120854;0
120944;0
121034;0
121124;0
121215;0
121305;0
121395;0
121485;0
121575;0
121665;0
121755;0
121845;0
121935;0
122025;0
122115;0
122205;0
122295;0
122385;0
122475;0
122565;0
122655;0
122746;0
122836;0
122926;0
123016;0
123106;0
123196;0
123286;0
123376;0
123466;0
123556;0
123646;0
123736;0
123826;0
123916;0
124006;0
124096;0
124186;0
124277;0
124367;0
124457;0
124547;0
124637;0
124727;0
124817;0
124907;0
124997;0
125087;0
125177;0
125267;0
125357;0
125447;0
125537;0
125627;0
125718;0
125808;0
125898;0
125988;0
126078;0
126168;0
126258;0
126348;0
126438;0
126528;0
126618;0
126708;0
126798;0
126888;0
126978;0
127068;0
127158;0
127249;0
127339;0
127429;0
127519;0
127609;0
127699;0
127789;0
127879;0
127969;0
128059;0
128149;0
128239;0
128329;0
128419;0
128509;0
128599;0
128690;0
128780;0
128870;0
128960;0
129050;0
129140;0
129230;0
129320;0
129410;0
129500;0
129590;0
129680;0
129770;0
129860;0
129950;0
130040;0
130130;0
130221;0
130311;0
130401;0
130491;0
130581;0
130671;0
130761;0
130851;0
130941;0
131031;0
131121;0
131211;0
131301;0
131391;0
131481;0
131571;0
131661;0
131752;0
131842;0
131932;0
132022;0
132112;0
132202;0
132292;0
132382;0
132472;0
132562;0
132652;0
132742;1
132832;0
132922;0
133012;0
133102;0
133193;0
133283;0
133373;0
133463;0
133553;0
133643;1
133733;0
133823;0
133913;0
134003;0
134093;0
134183;0
134273;0
134363;0
134453;0
134543;0
134633;0
134724;0
134814;0
134904;0
134994;0
135084;0
135174;0
135264;0
135354;0
135444;0
135534;0
135624;0
135714;0
135804;0
135894;0
135984;0
136074;0
136165;0
136255;0
136345;0
136435;0
136525;0
136615;0
136705;0
136795;0
136885;0
136975;0
137065;0
137155;0
137245;0
137335;0
137425;0
137515;0
137605;0
137696;0
137786;0
137876;0
137966;0
138056;0
138146;0
138236;0
138326;0
138416;0
138506;0
138596;0
138686;0
138776;0
138866;0
138956;0
139046;0
139136;0
139227;0
139317;0
139407;0
139497;0
139587;0
139677;0
139767;0
139857;0
139947;0
140037;0
140127;0
140217;0
140307;0
140397;0
140487;0
140577;0
140668;0
140758;0
140848;0
140938;0
141028;0
141118;0
141208;0
141298;0
141388;0
141478;0
141568;0
141658;0
141748;0
141838;0
141928;0
142018;0
142108;0
142199;0
142289;0
142379;0
142469;0
142559;0
142649;0
142739;0
142829;0
142919;0
143009;0
143099;0
143189;0
143279;0
143369;0
143459;0
143549;0
143639;0
143730;0
143820;0
143910;0
144000;0
144090;0
144180;0
144270;0
144360;0
144450;1
144540;0
144630;0
144720;0
144810;0
144900;0
144990;0
145080;0
145171;0
145261;0
145351;0
145441;0
145531;0
145621;0
145711;0
145801;0
145891;0
145981;0
146071;0
146161;0
146251;0
146341;0
146431;0
146521;0
146611;0
146702;0
146792;0
146882;0
146972;0
147062;0
147152;0
147242;0
147332;0
147422;0
147512;0
147602;0
147692;0
147782;0
147872;0
147962;0
148052;0
148143;0
148233;0
148323;0
148413;0
148503;0
148593;0
148683;0
148773;0
148863;0
148953;0
149043;0
149133;0
149223;0
149313;0
149403;0
149493;0
149583;0
149674;0
149764;0
149854;0
149944;0
150034;0
150124;0
150214;0
150304;0
150394;0
150484;0
150574;0
150664;0
150754;0
150844;0
150934;0
151024;0
151114;0
151205;0
151295;0
151385;0
151475;0
151565;0
151655;0
151745;0
151835;0
151925;0
152015;0
152105;0
152195;0
152285;0
152375;0
152465;0
152555;0
152646;0
152736;0
152826;0
152916;0
153006;0
153096;0
153186;0
153276;0
153366;0
153456;0
153546;0
153636;0
153726;0
153816;0
153906;0
153996;0
154086;0
154177;0
154267;0
154357;0
154447;0
154537;0
154627;0
154717;0
154807;0
154897;0
154987;0
155077;0
155167;0
155257;0
155347;0
155437;0
155527;0
155618;0
155708;0
155798;0
155888;0
155978;0
156068;0
156158;0
156248;0
156338;0
156428;0
156518;0
156608;0
156698;0
156788;0
156878;0
156968;0
157058;0
157149;0
157239;0
157329;0
157419;0
157509;0
157599;0
157689;0
157779;0
157869;0
157959;0
158049;0
158139;0
158229;0
158319;0
158409;0
158499;1
158589;0
158680;0
158770;0
158860;0
158950;0
159040;0
159130;0
159220;0
159310;0
159400;0
159490;0
159580;0
159670;0
159760;0
159850;0
159940;0
160030;0
160121;0
160211;0
160301;0
160391;0
160481;0
160571;0
160661;0
160751;0
160841;0
160931;0
161021;0
161111;0
161201;0
161291;0
161381;0
161471;0
161561;0
161652;0
161742;0
161832;0
161922;0
162012;0
162102;0
162192;0
162282;0
162372;0
162462;0
162552;0
162642;0
162732;0
162822;0
162912;0
163002;0
163093;0
163183;0
163273;0
163363;0
163453;0
163543;0
163633;0
163723;0
163813;0
163903;0
163993;0
164083;0
164173;0
164263;0
164353;0
164443;0
164533;0
164624;0
164714;0
164804;0
164894;0
164984;0
165074;0
165164;0
165254;0
165344;0
165434;0
165524;0
165614;0
165704;0
165794;0
165884;0
165974;0
166064;0
166155;0
166245;0
166335;0
166425;0
166515;0
166605;0
166695;0
166785;0
166875;0
166965;1
167055;0
167145;0
167235;0
167325;0
167415;0
167505;0
167596;0
167686;0
167776;0
167866;0
167956;0
168046;0
168136;0
168226;0
168316;0
168406;0
168496;0
168586;0
168676;0
168766;0
168856;0
168946;0
169036;0
169127;0
169217;0
169307;0
169397;0
169487;0
169577;0
169667;0
169757;0
169847;0
169937;0
170027;0
170117;0
170207;0
170297;0
170387;0
170477;0
170568;0
170658;0
170748;0
170838;0
170928;0
171018;0
171108;0
171198;0
171288;0
171378;0
171468;0
171558;0
171648;0
171738;0
171828;0
171918;0
172008;0
172099;0
172189;0
172279;0
172369;0
172459;0
172549;0
172639;0
172729;0
172819;0
172909;0
172999;0
173089;0
173179;0
173269;0
173359;0
173449;0
173539;0
173630;0
173720;0
173810;0
173900;0
173990;0
174080;0
174170;0
174260;0
174350;0
174440;0
174530;0
174620;0
174710;0
174800;0
174890;0
174980;0
175071;0
175161;0
175251;0
175341;0
175431;0
175521;0
175611;0
175701;0
175791;0
175881;0
175971;0
176061;0
176151;0
176241;0
176331;0
176421;0
176511;0
176602;0
176692;0
176782;0
176872;0
176962;0
177052;0
177142;0
177232;0
177322;0
177412;0
177502;0
177592;1
177682;0
177772;0
177862;0
177952;0
178043;0
178133;0
178223;0
178313;0
178403;0
178493;0
178583;0
178673;0
178763;0
178853;0
178943;0
179033;0
179123;0
179213;0
179303;0
179393;0
179483;0
179574;0
179664;0
179754;0
179844;0
179934;0
180024;0
180114;0
180204;0
180294;0
180384;0
180474;0
180564;0
180654;0
180744;0
180834;0
180924;0
181014;0
181105;0
181195;0
181285;0
181375;0
181465;0
181555;0
181645;0
181735;0
181825;0
181915;0
182005;0
182095;0
182185;0
182275;0
182365;0
182455;0
182546;0
182636;0
182726;0
182816;0
182906;0
182996;0
183086;0
183176;0
183266;0
183356;0
183446;0
183536;0
183626;0
183716;0
183806;0
183896;0
183986;0
184077;0
184167;0
184257;0
184347;0
184437;0
184527;0
184617;0
184707;0
184797;0
184887;0
184977;0
185067;0
185157;0
185247;0
185337;0
185427;0
185518;0
185608;0
185698;0
185788;0
185878;0
185968;0
186058;0
186148;0
186238;0
186328;0
186418;0
186508;0
186598;0
186688;0
186778;0
186868;0
186958;0
187049;0
187139;0
187229;0
187319;0
187409;0
187499;0
187589;0
187679;0
187769;0
187859;0
187949;0
188039;0
188129;0
188219;0
188309;0
188399;0
188489;0
188580;0
188670;0
188760;0
188850;0
188940;0
189030;0
189120;0
189210;0
189300;0
189390;0
189480;0
189570;0
189660;0
189750;0
189840;0
189930;0
190021;0
190111;0
190201;0
190291;0
190381;0
190471;0
190561;0
190651;0
190741;0
190831;0
190921;0
191011;0
191101;0
191191;0
191281;0
191371;0
191461;0
191552;0
191642;0
191732;0
191822;0
191912;0
192002;0
192092;0
192182;0
192272;0
192362;0
192452;0
192542;0
192632;0
192722;0
192812;0
192902;0
192993;0
193083;0
193173;0
193263;0
193353;0
193443;0
193533;0
193623;0
193713;0
193803;0
193893;0
193983;0
194073;0
194163;0
194253;0
194343;0
194433;0
194524;0
194614;0
194704;0
194794;0
194884;0
194974;0
195064;0
195154;0
195244;0
195334;0
195424;0
195514;0
195604;0
195694;0
195784;0
195874;0
195964;0
196055;0
196145;0
196235;0
196325;0
196415;0
196505;0
196595;0
196685;0
196775;0
196865;0
196955;0
197045;0
197135;0
197225;0
197315;0
197405;0
197496;0
197586;1
197676;0
197766;0
197856;0
197946;0
198036;0
198126;0
198216;0
198306;0
198396;0
198486;0
198576;0
198666;0
198756;0
198846;0
198936;0
199027;0
199117;0
199207;0
199297;0
199387;0
199477;0
199567;0
199657;0
199747;0
199837;0
199927;0
200017;0
200107;0
200197;0
200287;0
200377;0
200468;0
200558;0
200648;0
200738;0
200828;0
200918;0
201008;0
201098;0
201188;0
201278;0
201368;0
201458;0
201548;0
201638;0
201728;0
201818;0
201908;0
201999;0
202089;0
202179;0
202269;0
202359;0
202449;0
202539;0
202629;0
202719;0
202809;0
202899;0
202989;0
203079;0
203169;0
203259;0
203349;0
203439;0
203530;0
203620;0
203710;0
203800;0
203890;0
203980;0
204070;0
204160;0
204250;0
204340;0
204430;0
204520;0
204610;0
204700;0
204790;0
204880;0
204971;0
205061;0
205151;0
205241;0
205331;0
205421;0
205511;0
205601;0
205691;0
205781;0
205871;0
205961;0
206051;0
206141;0
206231;0
206321;0
206411;0
206502;0
206592;0
206682;0
206772;0
206862;0
206952;0
207042;0
207132;0
207222;0
207312;0
207402;0
207492;0
207582;0
207672;0
207762;0
207852;0
207943;0
208033;0
208123;0
208213;0
208303;0
208393;0
208483;0
208573;0
208663;0
208753;0
208843;0
208933;0
209023;0
209113;0
209203;0
209293;0
209383;0
209474;0
209564;0
209654;0
209744;0
209834;0
209924;0
210014;0
210104;0
210194;0
210284;0
210374;0
210464;0
210554;0
210644;0
210734;0
210824;0
210914;0
211005;0
211095;0
211185;0
211275;0
211365;0
211455;0
211545;1
211635;0
211725;0
211815;0
211905;0
211995;0
212085;0
212175;0
212265;0
212355;0
212446;0
212536;0
212626;0
212716;0
212806;0
212896;0
212986;0
213076;0
213166;0
213256;0
213346;0
213436;0
213526;0
213616;0
213706;0
213796;0
213886;0
213977;0
214067;0
214157;0
214247;0
214337;0
214427;0
214517;0
214607;0
214697;0
214787;0
214877;1
214967;0
215057;0
215147;0
215237;0
215327;0
215418;0
215508;0
215598;0
215688;0
215778;0
215868;0
215958;0
216048;0
216138;0
216228;0
216318;0
216408;0
216498;0
216588;0
216678;0
216768;0
216858;0
216949;0
217039;0
217129;0
217219;0
217309;0
217399;0
217489;0
217579;0
217669;0
217759;0
217849;0
217939;0
218029;0
218119;0
218209;0
218299;0
218389;0
218480;0
218570;0
218660;0
218750;0
218840;0
218930;0
219020;0
219110;0
219200;0
219290;0
219380;0
219470;0
219560;0
219650;0
219740;0
219830;0
219921;0
220011;0
220101;0
220191;0
220281;0
220371;0
220461;0
220551;0
220641;0
220731;0
220821;0
220911;0
221001;0
221091;0
221181;0
221271;0
221361;0
221452;0
221542;0
221632;0
221722;0
221812;0
221902;0
221992;0
222082;0
222172;0
222262;0
222352;0
222442;0
222532;0
222622;0
222712;0
222802;0
222893;0
222983;0
223073;0
223163;0
223253;0
223343;0
223433;0
223523;0
223613;0
223703;0
223793;0
223883;0
223973;0
224063;0
224153;0
224243;0
224333;0
224424;0
224514;0
224604;0
224694;0
224784;0
224874;0
224964;0
225054;0
225144;0
225234;0
225324;0
225414;0
225504;0
225594;0
225684;0
225774;0
225864;0
225955;0
226045;0
226135;0
226225;0
226315;0
226405;0
226495;0
226585;0
226675;0
226765;0
226855;1
226945;0
227035;0
227125;0
227215;0
227305;0
227396;0
227486;0
227576;0
227666;0
227756;0
227846;0
227936;0
228026;0
228116;0
228206;0
228296;0
228386;0
228476;0
228566;0
228656;0
228746;0
228836;0
228927;0
229017;0
229107;0
229197;0
229287;0
229377;0
229467;0
229557;0
229647;0
229737;0
229827;0
229917;0
230007;0
230097;0
230187;0
230277;0
230368;0
230458;0
230548;0
230638;0
230728;0
230818;0
230908;0
230998;0
231088;0
231178;0
231268;0
231358;0
231448;0
231538;0
231628;0
231718;0
231808;0
231899;0
231989;0
232079;0
232169;0
232259;0
232349;0
232439;0
232529;0
232619;0
232709;0
232799;0
232889;0
232979;0
233069;0
233159;0
233249;0
233339;0
233430;0
233520;0
233610;0
233700;0
233790;0
233880;0
233970;0
234060;0
234150;0
234240;0
234330;0
234420;0
234510;0
234600;0
234690;0
234780;0
234871;0
234961;0
235051;0
235141;0
235231;0
235321;0
235411;0
235501;0
235591;0
235681;0
235771;0
235861;0
235951;0
236041;0
236131;0
236221;0
236311;0
236402;0
236492;0
236582;0
236672;0
236762;0
236852;0
236942;0
237032;0
237122;0
237212;0
237302;0
237392;0
237482;0
237572;0
237662;0
237752;0
237842;0
237933;0
238023;0
238113;0
238203;0
238293;0
238383;0
238473;0
238563;0
238653;0
238743;0
238833;0
238923;0
239013;0
239103;0
239193;0
239283;0
239374;0
239464;0
239554;0
239644;0
239734;0
239824;0
239914;0
240004;0
240094;0
240184;0
240274;0
240364;0
240454;0
240544;0
240634;0
240724;0
240814;0
240905;0
240995;0
241085;0
241175;0
241265;0
241355;0
241445;0
241535;0
241625;0
241715;0
241805;0
241895;0
241985;0
242075;0
242165;0
242255;0
242346;0
242436;0
242526;0
242616;0
242706;0
242796;0
242886;0
242976;0
243066;0
243156;0
243246;0
243336;0
243426;0
243516;0
243606;0
243696;0
243786;0
243877;0
243967;0
244057;0
244147;0
244237;0
244327;0
244417;0
244507;0
244597;0
244687;0
244777;0
244867;0
244957;0
245047;0
245137;0
245227;0
245317;0
245408;0
245498;0
245588;0
245678;0
245768;0
245858;0
245948;0
246038;0
246128;0
246218;0
246308;0
246398;0
246488;0
246578;0
246668;0
246758;0
246849;0
246939;0
247029;0
247119;0
247209;0
247299;0
247389;0
247479;0
247569;0
247659;0
247749;0
247839;0
247929;0
248019;0
248109;0
248199;0
248289;0
248380;0
248470;0
248560;0
248650;0
248740;0
248830;0
248920;0
249010;0
249100;0
249190;0
249280;0
249370;0
249460;0
249550;0
249640;0
249730;0
249821;0
249911;0
250001;0
250091;0
250181;0
250271;0
250361;0
250451;0
250541;0
250631;0
250721;0
250811;0
250901;0
250991;0
251081;0
251171;0
251261;0
251352;0
251442;0
251532;0
251622;0
251712;0
251802;0
251892;0
251982;0
252072;0
252162;0
252252;0
252342;0
252432;0
252522;0
252612;0
252702;0
252792;0
252883;0
252973;0
253063;0
253153;0
253243;0
253333;0
253423;0
253513;0
253603;0
253693;0
253783;0
253873;0
253963;0
254053;0
254143;0
254233;0
254324;0
254414;0
254504;0
254594;0
254684;0
254774;0
254864;0
254954;0
255044;0
255134;0
255224;0
255314;0
255404;0
255494;0
255584;0
255674;0
255764;0
255855;0
255945;0
256035;0
256125;0
256215;0
256305;0
256395;0
256485;0
256575;0
256665;0
256755;0
256845;0
256935;0
257025;0
257115;0
257205;0
257296;0
257386;0
257476;0
257566;0
257656;0
257746;0
257836;0
257926;0
258016;0
258106;0
258196;0
258286;0
258376;0
258466;0
258556;0
258646;0
258736;0
258827;0
258917;0
259007;0
259097;0
259187;0
259277;0
259367;0
259457;0
259547;0
259637;0
259727;0
259817;0
259907;0
259997;0
260087;0
260177;0
260267;0
260358;0
260448;0
260538;0
260628;0
260718;0
260808;0
260898;0
260988;0
261078;0
261168;0
261258;0
261348;0
261438;0
261528;0
261618;0
261708;0
261799;0
261889;0
261979;0
262069;0
262159;0
262249;0
262339;0
262429;0
262519;0
262609;0
262699;0
262789;0
262879;0
262969;0
263059;0
263149;0
263239;0
263330;0
263420;0
263510;0
263600;0
263690;0
263780;0
263870;0
263960;0
264050;0
264140;0
264230;0
264320;0
264410;0
264500;0
264590;0
264680;0
264771;0
264861;0
264951;0
265041;0
265131;0
265221;0
265311;0
265401;0
265491;0
265581;0
265671;0
265761;0
265851;0
265941;0
266031;0
266121;0
266211;0
266302;0
266392;0
266482;0
266572;0
266662;0
266752;0
266842;0
266932;0
267022;0
267112;0
267202;0
267292;0
267382;0
267472;0
267562;0
267652;0
267742;0
267833;0
267923;0
268013;0
268103;0
268193;0
268283;0
268373;0
268463;0
268553;0
268643;0
268733;0
268823;0
268913;0
269003;0
269093;0
269183;0
269274;0
269364;0
269454;0
269544;0
269634;0
269724;0
269814;0
269904;0
269994;0
270084;0
270174;0
270264;0
270354;0
270444;0
270534;0
270624;0
270714;0
270805;0
270895;0
270985;0
271075;0
271165;0
271255;0
271345;0
271435;0
271525;0
271615;0
271705;0
271795;0
271885;0
271975;0
272065;0
272155;0
272246;0
272336;0
272426;0
272516;0
272606;0
272696;0
272786;0
272876;0
272966;0
273056;0
273146;0
273236;0
273326;0
273416;0
273506;0
273596;0
273686;0
273777;0
273867;0
273957;0
274047;0
274137;0
274227;0
274317;0
274407;0
274497;0
274587;0
274677;0
274767;0
274857;0
274947;0
275037;0
275127;0
275217;0
275308;0
275398;0
275488;0
275578;0
275668;0
275758;0
275848;0
275938;0
276028;0
276118;0
276208;0
276298;0
276388;0
276478;0
276568;0
276658;0
276749;0
276839;0
276929;0
277019;0
277109;0
277199;0
277289;0
277379;0
277469;0
277559;0
277649;0
277739;0
277829;0
277919;0
278009;0
278099;0
278189;0
278280;0
278370;0
278460;0
278550;0
278640;0
278730;0
278820;0
278910;0
279000;0
279090;0
279180;0
279270;0
279360;0
279450;0
279540;0
279630;0
279721;0
279811;0
279901;0
279991;0
280081;0
280171;0
280261;0
280351;0
280441;0
280531;0
280621;0
280711;0
280801;0
280891;0
280981;0
281071;0
281161;0
281252;0
281342;0
281432;0
281522;0
281612;0
281702;0
281792;0
281882;0
281972;0
282062;0
282152;0
282242;0
282332;0
282422;0
282512;0
282602;0
282692;0
282783;0
282873;0
282963;0
283053;0
283143;0
283233;0
283323;0
283413;0
283503;0
283593;0
283683;0
283773;0
283863;0
283953;0
284043;0
284133;0
284224;0
284314;0
284404;0
284494;0
284584;0
284674;0
284764;0
284854;0
284944;0
285034;0
285124;0
285214;0
285304;0
285394;0
285484;0
285574;0
285664;0
285755;0
285845;0
285935;0
286025;0
286115;0
286205;0
286295;0
286385;0
286475;0
286565;0
286655;0
286745;0
286835;0
286925;0
287015;0
287105;0
287196;0
287286;0
287376;0
287466;0
287556;0
287646;0
287736;0
287826;0
287916;0
288006;0
288096;0
288186;0
288276;0
288366;0
288456;0
288546;0
288636;0
288727;0
288817;0
288907;0
288997;0
289087;0
289177;0
289267;0
289357;0
289447;0
289537;0
289627;0
289717;0
289807;0
289897;0
289987;0
290077;0
290167;0
290258;0
290348;0
290438;0
290528;0
290618;0
290708;0
290798;0
290888;0
290978;0
291068;0
291158;0
291248;0
291338;0
291428;0
291518;0
291608;0
291699;0
291789;0
291879;0
291969;0
292059;0
292149;0
292239;0
292329;0
292419;0
292509;0
292599;0
292689;0
292779;0
292869;0
292959;0
293049;0
293139;0
293230;0
293320;0
293410;0
293500;0
293590;0
293680;0
293770;0
293860;0
293950;0
294040;0
294130;0
294220;0
294310;0
294400;0
294490;0
294580;0
294671;0
294761;0
294851;0
294941;0
295031;0
295121;0
295211;0
295301;0
295391;0
295481;0
295571;0
295661;0
295751;0
295841;0
295931;0
296021;0
296111;0
296202;0
296292;0
296382;0
296472;0
296562;0
296652;0
296742;0
296832;0
296922;0
297012;0
297102;0
297192;0
297282;0
297372;0
297462;0
297552;0
297642;0
297733;0
297823;0
297913;0
298003;0
298093;0
298183;0
298273;0
298363;0
298453;0
298543;0
298633;0
298723;0
298813;0
298903;0
298993;0
299083;0
299174;0
299264;0
299354;0
299444;0
299534;0
299624;0
299714;0
299804;0
299894;0
299984;0
300074;0
300164;0
300254;0
300344;0
300434;0
300524;0
300614;0
300705;0
300795;0
300885;0
300975;0
301065;0
301155;0
301245;0
301335;0
301425;0
301515;0
301605;0
301695;0
301785;0
301875;0
301965;0
302055;0
302146;0
302236;0
302326;0
302416;0
302506;0
302596;0
302686;0
302776;0
302866;0
302956;0
303046;0
303136;0
303226;0
303316;0
303406;0
303496;0
303586;0
303677;0
303767;0
303857;0
303947;0
304037;0
304127;0
304217;0
304307;0
304397;0
304487;0
304577;0
304667;0
304757;0
304847;0
304937;0
305027;0
305117;0
305208;0
305298;0
305388;0
305478;0
305568;0
305658;0
305748;0
305838;0
305928;0
306018;0
306108;0
306198;0
306288;0
306378;0
306468;0
306558;0
306649;0
306739;0
306829;0
306919;1
307009;0
307099;0
307189;0
307279;0
307369;0
307459;0
307549;0
307639;0
307729;0
307819;0
307909;0
307999;0
308089;0
308180;0
308270;0
308360;0
308450;0
308540;0
308630;0
308720;0
308810;0
308900;0
308990;0
309080;0
309170;0
309260;0
309350;0
309440;0
309530;0
309621;0
309711;0
309801;0
309891;0
309981;0
310071;0
310161;0
310251;0
310341;0
310431;0
310521;0
310611;0
310701;0
310791;0
310881;0
310971;0
311061;0
311152;0
311242;0
311332;0
311422;0
311512;0
311602;0
311692;0
311782;0
311872;0
311962;0
312052;0
312142;0
312232;0
312322;0
312412;0
312502;0
312592;0
312683;0
312773;0
312863;0
312953;0
313043;0
313133;0
313223;0
313313;0
313403;0
313493;0
313583;0
313673;0
313763;0
313853;0
313943;0
314033;0
314124;0
314214;0
314304;0
314394;0
314484;0
314574;0
314664;0
314754;0
314844;0
314934;0
315024;0
315114;0
315204;0
315294;0
315384;0
315474;0
315564;0
315655;0
315745;0
315835;0
315925;0
316015;0
316105;0
316195;0
316285;0
316375;0
316465;0
316555;0
316645;0
316735;0
316825;0
316915;0
317005;0
317096;0
317186;0
317276;0
317366;0
317456;0
317546;0
317636;0
317726;0
317816;0
317906;0
317996;0
318086;0
318176;0
318266;0
318356;0
318446;0
318536;0
318627;0
318717;0
318807;0
318897;0
318987;0
319077;0
319167;0
319257;0
319347;0
319437;0
319527;0
319617;0
319707;0
319797;0
319887;0
319977;0
320067;0
320158;0
320248;0
320338;0
320428;0
320518;0
320608;0
320698;0
320788;0
320878;0
320968;0
321058;0
321148;0
321238;0
321328;0
321418;0
321508;0
321599;0
321689;0
321779;0
321869;0
321959;0
322049;0
322139;0
322229;0
322319;0
322409;0
322499;0
322589;0
322679;0
322769;0
322859;0
322949;0
323039;0
323130;0
323220;0
323310;0
323400;0
323490;0
323580;0
323670;0
323760;0
323850;0
323940;0
324030;0
324120;0
324210;0
324300;0
324390;0
324480;0
324571;0
324661;0
324751;0
324841;0
324931;0
325021;0
325111;0
325201;0
325291;0
325381;0
325471;0
325561;0
325651;0
325741;0
325831;0
325921;0
326011;0
326102;0
326192;0
326282;0
326372;0
326462;0
326552;0
326642;0
326732;0
326822;0
326912;0
327002;0
327092;0
327182;0
327272;0
327362;0
327452;0
327542;0
327633;0
327723;0
327813;0
327903;0
327993;0
328083;0
328173;0
328263;0
328353;0
328443;0
328533;0
328623;0
328713;0
328803;0
328893;0
328983;0
329074;0
329164;0
329254;0
329344;0
329434;0
329524;0
329614;0
329704;0
329794;0
329884;0
329974;0
330064;0
330154;0
330244;0
330334;0
330424;0
330514;0
330605;0
330695;0
330785;0
330875;0
330965;0
331055;0
331145;0
331235;0
331325;0
331415;0
331505;0
331595;0
331685;0
331775;0
331865;0
331955;0
332045;0
332136;0
332226;0
332316;0
332406;0
332496;0
332586;0
332676;0
332766;0
332856;0
332946;0
333036;0
333126;0
333216;0
333306;0
333396;0
333486;0
333577;0
333667;0
333757;0
333847;0
333937;0
334027;0
334117;0
334207;0
334297;0
334387;0
334477;0
334567;0
334657;0
334747;0
334837;0
334927;0
335017;0
335108;0
335198;0
335288;0
335378;0
335468;0
335558;0
335648;0
335738;0
335828;0
335918;0
336008;0
336098;0
336188;0
336278;0
336368;0
336458;0
336549;0
336639;0
336729;0
336819;0
336909;0
336999;0
337089;0
337179;0
337269;0
337359;0
337449;0
337539;0
337629;0
337719;0
337809;0
337899;0
337989;0
338080;0
338170;0
338260;0
338350;0
338440;0
338530;0
338620;0
338710;0
338800;0
338890;0
338980;0
339070;0
339160;0
339250;0
339340;0
339430;0
339520;0
339611;0
339701;0
339791;0
339881;0
339971;0
340061;0
340151;0
340241;0
340331;0
340421;0
340511;0
340601;0
340691;0
340781;0
340871;0
340961;0
341052;0
341142;0
341232;0
341322;0
341412;0
341502;0
341592;0
341682;0
341772;0
341862;0
341952;0
342042;0
342132;0
342222;0
342312;0
342402;0
342492;0
342583;0
342673;0
342763;0
342853;0
342943;0
343033;0
343123;0
343213;0
343303;0
343393;0
343483;0
343573;0
343663;0
343753;0
343843;0
343933;0
344024;0
344114;0
344204;0
344294;0
344384;0
344474;0
344564;0
344654;0
344744;0
344834;0
344924;0
345014;0
345104;0
345194;0
345284;0
345374;0
345464;0
345555;0
345645;0
345735;0
345825;0
345915;0
346005;0
346095;0
346185;0
346275;0
346365;0
346455;0
346545;0
346635;0
346725;0
346815;0
346905;0
346995;0
347086;0
347176;0
347266;0
347356;0
347446;0
347536;0
347626;0
347716;0
347806;0
347896;0
347986;0
348076;0
348166;0
348256;0
348346;0
348436;0
348527;0
348617;0
348707;0
348797;0
348887;0
348977;0
349067;0
349157;0
349247;0
349337;0
349427;0
349517;0
349607;0
349697;0
349787;0
349877;0
349967;0
350058;0
350148;0
350238;0
350328;0
350418;0
350508;0
350598;0
350688;0
350778;0
350868;0
350958;0
351048;0
351138;0
351228;0
351318;0
351408;0
351499;0
351589;0
351679;0
351769;0
351859;0
351949;0
352039;0
352129;0
352219;0
352309;0
352399;1
352489;0
352579;0
352669;0
352759;0
352849;0
352939;0
353030;0
353120;0
353210;0
353300;0
353390;0
353480;0
353570;0
353660;0
353750;0
353840;0
353930;0
354020;0
354110;0
354200;0
354290;0
354380;0
354470;0
354561;0
354651;0
354741;0
354831;0
354921;0
355011;0
355101;0
355191;0
355281;0
355371;0
355461;0
355551;0
355641;0
355731;0
355821;0
355911;0
356002;0
356092;0
356182;0
356272;0
356362;0
356452;0
356542;0
356632;0
356722;0
356812;0
356902;0
356992;0
357082;0
357172;0
357262;0
357352;0
357442;0
357533;0
357623;0
357713;0
357803;0
357893;0
357983;0
358073;0
358163;0
358253;0
358343;0
358433;0
358523;0
358613;0
358703;0
358793;0
358883;0
358974;0
359064;0
359154;0
359244;0
359334;0
359424;0
359514;1
359604;0
359694;0
359784;0
359874;0
359964;0
360054;0
360144;0
360234;0
360324;0
360414;0
360505;0
360595;0
360685;0
360775;0
360865;0
360955;0
361045;0
361135;0
361225;0
361315;0
361405;0
361495;0
361585;0
361675;0
361765;0
361855;0
361945;0
362036;0
362126;0
362216;0
362306;0
362396;0
362486;0
362576;0
362666;0
362756;0
362846;0
362936;0
363026;0
363116;0
363206;0
363296;0
363386;0
363477;0
363567;0
363657;0
363747;0
363837;0
363927;0
364017;0
364107;0
364197;0
364287;0
364377;0
364467;0
364557;0
364647;0
364737;0
364827;0
364917;0
365008;0
365098;0
365188;0
365278;0
365368;0
365458;0
365548;0
365638;0
365728;0
365818;0
365908;0
365998;0
366088;0
366178;0
366268;0
366358;0
366449;0
366539;0
366629;0
366719;0
366809;0
366899;0
366989;0
367079;0
367169;0
367259;0
367349;0
367439;0
367529;0
367619;0
367709;0
367799;0
367889;0
367980;0
368070;0
368160;0
368250;0
368340;0
368430;0
368520;0
368610;0
368700;0
368790;0
368880;0
368970;0
369060;0
369150;0
369240;0
369330;0
369420;0
369511;0
369601;0
369691;0
369781;0
369871;0
369961;0
370051;0
370141;0
370231;0
370321;0
370411;0
370501;0
370591;0
370681;0
370771;0
370861;0
370952;0
371042;0
371132;0
371222;0
371312;0
371402;0
371492;0
371582;0
371672;0
371762;0
371852;0
371942;0
372032;0
372122;0
372212;0
372302;0
372392;0
372483;0
372573;0
372663;0
372753;0
372843;0
372933;0
373023;0
373113;0
373203;0
373293;0
373383;0
373473;0
373563;0
373653;0
373743;0
373833;0
373924;0
374014;0
374104;0
374194;0
374284;0
374374;0
374464;0
374554;0
374644;0
374734;0
374824;0
374914;0
375004;0
375094;0
375184;0
375274;0
375364;0
375455;0
375545;0
375635;0
375725;0
375815;0
375905;0
375995;0
376085;0
376175;0
376265;0
376355;0
376445;0
376535;0
376625;0
376715;0
376805;0
376895;0
376986;0
377076;0
377166;0
377256;0
377346;0
377436;0
377526;0
377616;0
377706;0
377796;0
377886;0
377976;0
378066;0
378156;0
378246;0
378336;0
378427;0
378517;0
378607;0
378697;0
378787;0
378877;0
378967;0
379057;0
379147;0
379237;0
379327;0
379417;0
379507;0
379597;0
379687;0
379777;0
379867;0
379958;0
380048;0
380138;0
380228;0
380318;0
380408;0
380498;0
380588;0
380678;0
380768;0
380858;0
380948;0
381038;0
381128;0
381218;0
381308;0
381399;0
381489;0
381579;0
381669;0
381759;0
381849;0
381939;0
382029;0
382119;0
382209;0
382299;0
382389;0
382479;0
382569;0
382659;0
382749;0
382839;0
382930;0
383020;0
383110;0
383200;0
383290;0
383380;0
383470;0
383560;0
383650;0
383740;0
383830;0
383920;0
384010;0
384100;0
384190;0
384280;0
384370;0
384461;0
384551;0
384641;0
384731;0
384821;0
384911;0
385001;0
385091;0
385181;0
385271;0
385361;0
385451;0
385541;0
385631;0
385721;0
385811;0
385902;0
385992;0
386082;0
386172;0
386262;0
386352;0
386442;0
386532;0
386622;0
386712;0
386802;0
386892;0
386982;0
387072;0
387162;0
387252;0
387342;0
387433;0
387523;0
387613;0
387703;0
387793;0
387883;0
387973;0
388063;0
388153;0
388243;0
388333;0
388423;0
388513;0
388603;0
388693;0
388783;0
388874;0
388964;0
389054;0
389144;0
389234;0
389324;0
389414;0
389504;0
389594;0
389684;0
389774;0
389864;0
389954;0
390044;0
390134;0
390224;0
390314;0
390405;0
390495;0
390585;0
390675;0
390765;0
390855;0
390945;0
391035;0
391125;0
391215;0
391305;0
391395;0
391485;0
391575;0
391665;0
391755;0
391845;0
391936;0
392026;0
392116;0
392206;0
392296;0
392386;0
392476;0
392566;0
392656;0
392746;0
392836;0
392926;1
393016;0
393106;0
393196;0
393286;0
393377;0
393467;0
393557;0
393647;0
393737;0
393827;0
393917;0
394007;0
394097;0
394187;0
394277;0
394367;0
394457;0
394547;0
394637;0
394727;0
394817;0
394908;0
394998;0
395088;0
395178;0
395268;0
395358;0
395448;0
395538;0
395628;0
395718;0
395808;0
395898;0
395988;0
396078;0
396168;0
396258;0
396349;0
396439;0
396529;0
396619;0
396709;0
396799;0
396889;0
396979;0
397069;0
397159;0
397249;0
397339;0
397429;0
397519;0
397609;0
397699;0
397789;0
397880;0
397970;0
398060;0
398150;0
398240;0
398330;0
398420;0
398510;0
398600;0
398690;0
398780;0
398870;0
398960;0
399050;0
399140;0
399230;0
399320;0
399411;0
399501;0
399591;0
399681;0
399771;0
399861;0
399951;0
400041;0
400131;0
400221;0
400311;0
400401;0
400491;0
400581;0
400671;0
400761;0
400852;0
400942;0
401032;0
401122;0
401212;0
401302;0
401392;0
401482;0
401572;0
401662;0
401752;0
401842;0
401932;0
402022;0
402112;0
402202;0
402292;0
402383;0
402473;0
402563;0
402653;0
402743;0
402833;0
402923;0
403013;0
403103;0
403193;0
403283;0
403373;0
403463;0
403553;0
403643;0
403733;0
403824;0
403914;0
404004;0
404094;0
404184;0
404274;0
404364;0
404454;0
404544;0
404634;0
404724;0
404814;0
404904;0
404994;0
405084;0
405174;0
405264;0
405355;0
405445;0
405535;0
405625;0
405715;0
405805;0
405895;0
405985;0
406075;0
406165;0
406255;0
406345;0
406435;0
406525;0
406615;0
406705;0
406795;0
406886;0
406976;0
407066;0
407156;0
407246;0
407336;0
407426;0
407516;0
407606;0
407696;0
407786;0
407876;0
407966;0
408056;0
408146;0
408236;0
408327;0
408417;0
408507;0
408597;0
408687;0
408777;0
408867;0
408957;0
409047;0
409137;0
409227;0
409317;0
409407;0
409497;0
409587;0
409677;0
409767;0
409858;0
409948;0
410038;0
410128;0
410218;0
410308;0
410398;0
410488;0
410578;0
410668;0
410758;0
410848;0
410938;0
411028;0
411118;0
411208;0
411299;0
411389;0
411479;0
411569;0
411659;0
411749;0
411839;0
411929;0
412019;0
412109;0
412199;0
412289;0
412379;0
412469;0
412559;0
412649;0
412739;0
412830;0
412920;0
413010;0
413100;0
413190;0
413280;0
413370;0
413460;0
413550;0
413640;0
413730;0
413820;0
413910;0
414000;0
414090;0
414180;0
414270;0
414361;0
414451;0
414541;0
414631;0
414721;0
414811;0
414901;0
414991;0
415081;0
415171;0
415261;0
415351;0
415441;0
415531;0
415621;0
415711;0
415802;0
415892;0
415982;0
416072;0
416162;0
416252;0
416342;0
416432;0
416522;0
416612;0
416702;0
416792;0
416882;0
416972;0
417062;0
417152;0
417242;0
417333;0
417423;0
417513;0
417603;0
417693;0
417783;0
417873;0
417963;0
418053;0
418143;0
418233;0
418323;0
418413;0
418503;0
418593;0
418683;0
418773;0
418864;0
418954;0
419044;0
419134;0
419224;0
419314;0
419404;0
419494;0
419584;1
419674;0
419764;0
419854;0
419944;0
420034;0
420124;0
420214;0
420305;0
420395;0
420485;0
420575;0
420665;0
420755;0
420845;0
420935;0
421025;0
421115;0
421205;0
421295;0
421385;0
421475;0
421565;0
421655;0
421745;0
421836;0
421926;0
422016;0
422106;0
422196;0
422286;0
422376;0
422466;0
422556;0
422646;0
422736;0
422826;0
422916;0
423006;0
423096;0
423186;0
423277;0
423367;0
423457;0
423547;0
423637;0
423727;0
423817;0
423907;0
423997;0
424087;0
424177;0
424267;0
424357;0
424447;0
424537;0
424627;0
424717;0
424808;0
424898;0
424988;0
425078;0
425168;0
425258;0
425348;0
425438;0
425528;0
425618;0
425708;0
425798;0
425888;0
425978;0
426068;0
426158;0
426248;0
426339;0
426429;0
426519;0
426609;0
426699;0
426789;0
426879;0
426969;0
427059;0
427149;1
427239;0
427329;0
427419;0
427509;0
427599;0
427689;0
427780;0
427870;0
427960;0
428050;0
428140;0
428230;0
428320;0
428410;0
428500;0
428590;0
428680;0
428770;0
428860;0
428950;0
429040;0
429130;0
429220;0
429311;0
429401;0
429491;0
429581;0
429671;0
429761;0
429851;0
429941;0
430031;0
430121;0
430211;0
430301;0
430391;0
430481;0
430571;0
430661;0
430752;0
430842;0
430932;0
431022;0
431112;0
431202;0
431292;0
431382;0
431472;0
431562;0
431652;0
431742;0
431832;0
431922;0
432012;0
432102;0
432192;0
432283;0
432373;0
432463;0
432553;0
432643;0
432733;0
432823;0
432913;0
433003;0
433093;0
433183;0
433273;0
433363;0
433453;0
433543;0
433633;0
433723;0
433814;0
433904;0
433994;0
434084;0
434174;0
434264;0
434354;0
434444;0
434534;0
434624;0
434714;0
434804;0
434894;0
434984;0
435074;0
435164;0
435255;0
435345;0
435435;0
435525;0
435615;0
435705;0
435795;0
435885;0
435975;0
436065;0
436155;0
436245;0
436335;0
436425;0
436515;0
436605;0
436695;0
436786;0
436876;0
436966;0
437056;0
437146;0
437236;0
437326;0
437416;0
437506;0
437596;0
437686;0
437776;0
437866;0
437956;0
438046;0
438136;0
438227;0
438317;0
438407;0
438497;0
438587;0
438677;0
438767;0
438857;0
438947;0
439037;0
439127;0
439217;0
439307;0
439397;0
439487;0
439577;0
439667;0
439758;0
439848;0
439938;0
440028;0
440118;0
440208;0
440298;0
440388;0
440478;0
440568;0
440658;0
440748;0
440838;0
440928;0
441018;0
441108;0
441198;0
441289;0
441379;0
441469;0
441559;0
441649;0
441739;0
441829;0
441919;0
442009;0
442099;0
442189;0
442279;0
442369;0
442459;0
442549;0
442639;0
442730;0
442820;0
442910;0
443000;0
443090;0
443180;0
443270;0
443360;0
443450;0
443540;0
443630;0
443720;0
443810;0
443900;0
443990;0
444080;0
444170;0
444261;0
444351;0
444441;0
444531;0
444621;0
444711;0
444801;0
444891;0
444981;0
445071;0
445161;0
445251;0
445341;0
445431;0
445521;0
445611;0
445702;0
445792;0
445882;0
445972;0
446062;0
446152;0
446242;0
446332;0
446422;0
446512;0
446602;0
446692;0
446782;0
446872;0
446962;0
447052;0
447142;0
447233;0
447323;0
447413;0
447503;0
447593;0
447683;0
447773;0
447863;0
447953;0
448043;0
448133;0
448223;0
448313;0
448403;0
448493;0
448583;0
448673;0
448764;0
448854;0
448944;0
449034;0
449124;0
449214;0
449304;0
449394;0
449484;0
449574;0
449664;0
449754;0
449844;0
449934;0
450024;0
450114;0
450205;0
450295;0
450385;0
450475;0
450565;0
450655;0
450745;0
450835;0
450925;0
451015;0
451105;0
451195;0
451285;0
451375;0
451465;0
451555;0
451645;0
451736;0
451826;0
451916;0
452006;0
452096;0
452186;0
452276;0
452366;0
452456;0
452546;0
452636;0
452726;0
452816;0
452906;0
452996;0
453086;0
453177;0
453267;0
453357;0
453447;0
453537;0
453627;0
453717;0
453807;0
453897;0
453987;0
454077;0
454167;0
454257;0
454347;0
454437;0
454527;0
454617;0
454708;0
454798;0
454888;0
454978;0
455068;0
455158;0
455248;0
455338;0
455428;0
455518;0
455608;0
455698;0
455788;0
455878;0
455968;0
456058;0
456148;0
456239;0
456329;0
456419;0
456509;0
456599;0
456689;0
456779;0
456869;0
456959;0
457049;0
457139;0
457229;0
457319;0
457409;0
457499;0
457589;0
457680;0
457770;0
457860;0
457950;0
458040;0
458130;0
458220;0
458310;0
458400;0
458490;0
458580;0
458670;0
458760;0
458850;0
458940;0
459030;0
459120;0
459211;0
459301;0
459391;0
459481;0
459571;0
459661;0
459751;0
459841;0
459931;0
460021;0
460111;0
460201;0
460291;0
460381;0
460471;0
460561;0
460652;0
460742;0
460832;0
460922;0
461012;0
461102;0
461192;0
461282;0
461372;0
461462;0
461552;0
461642;0
461732;0
461822;0
461912;0
462002;0
462092;0
462183;0
462273;0
462363;0
462453;0
462543;0
462633;0
462723;0
462813;0
462903;0
462993;0
463083;0
463173;0
463263;0
463353;0
463443;0
463533;0
463623;0
463714;0
463804;0
463894;0
463984;0
464074;0
464164;0
464254;0
464344;0
464434;0
464524;0
464614;0
464704;0
464794;0
464884;0
464974;0
465064;0
465155;0
465245;0
465335;0
465425;0
465515;0
465605;0
465695;0
465785;0
465875;0
465965;0
466055;0
466145;0
466235;0
466325;0
466415;0
466505;0
466595;0
466686;0
466776;0
466866;0
466956;0
467046;0
467136;0
467226;0
467316;0
467406;0
467496;0
467586;0
467676;0
467766;0
467856;0
467946;0
468036;0
468127;0
468217;0
468307;0
468397;0
468487;0
468577;0
468667;0
468757;0
468847;0
468937;0
469027;0
469117;0
469207;0
469297;0
469387;0
469477;0
469567;0
469658;0
469748;0
469838;0
469928;0
470018;0
470108;0
470198;0
470288;0
470378;0
470468;0
470558;0
470648;0
470738;0
470828;0
470918;0
471008;0
471098;0
471189;0
471279;0
471369;0
471459;0
471549;0
471639;0
471729;0
471819;0
471909;0
471999;0
472089;0
472179;0
472269;0
472359;0
472449;0
472539;0
472630;0
472720;0
472810;0
472900;0
472990;0
473080;0
473170;0
473260;0
473350;0
473440;0
473530;0
473620;0
473710;0
473800;0
473890;0
473980;0
474070;0
474161;0
474251;0
474341;0
474431;0
474521;0
474611;0
474701;0
474791;0
474881;0
474971;0
475061;0
475151;0
475241;0
475331;0
475421;0
475511;0
475602;0
475692;0
475782;0
475872;0
475962;0
476052;0
476142;0
476232;0
476322;0
476412;0
476502;0
476592;0
476682;0
476772;0
476862;0
476952;0
477042;0
477133;0
477223;0
477313;0
477403;0
477493;0
477583;0
477673;0
477763;0
477853;0
477943;0
478033;0
478123;0
478213;0
478303;0
478393;0
478483;0
478573;0
478664;0
478754;0
478844;0
478934;0
479024;0
479114;0
479204;0
479294;0
479384;0
479474;0
479564;0
479654;0
479744;0
479834;0
479924;0
480014;0
480105;0
480195;0
480285;0
480375;0
480465;0
480555;0
480645;0
480735;0
480825;0
480915;0
481005;0
481095;0
481185;0
481275;0
481365;0
481455;0
481545;0
481636;0
481726;0
481816;0
481906;0
481996;0
482086;0
482176;0
482266;0
482356;0
482446;0
482536;0
482626;0
482716;0
482806;0
482896;0
482986;0
483077;0
483167;0
483257;0
483347;0
483437;0
483527;0
483617;0
483707;0
483797;0
483887;0
483977;0
484067;0
484157;0
484247;0
484337;0
484427;0
484517;0
484608;0
484698;0
484788;0
484878;0
484968;0
485058;0
485148;0
485238;0
485328;0
485418;0
485508;0
485598;0
485688;0
485778;0
485868;0
485958;0
486048;0
486139;0
486229;0
486319;0
486409;0
486499;0
486589;0
486679;0
486769;0
486859;0
486949;0
487039;0
487129;0
487219;0
487309;0
487399;0
487489;0
487580;0
487670;0
487760;0
487850;0
487940;0
488030;0
488120;0
488210;0
488300;0
488390;0
488480;0
488570;0
488660;0
488750;0
488840;0
488930;0
489020;0
489111;0
489201;0
489291;0
489381;0
489471;0
489561;0
489651;0
489741;0
489831;0
489921;0
490011;0
490101;0
490191;0
490281;0
490371;0
490461;0
490552;0
490642;0
490732;0
490822;0
490912;0
491002;0
491092;0
491182;0
491272;0
491362;0
491452;0
491542;0
491632;0
491722;0
491812;0
491902;0
491992;0
492083;0
492173;0
492263;0
492353;0
492443;0
492533;0
492623;0
492713;0
492803;0
492893;0
492983;0
493073;0
493163;0
493253;0
493343;0
493433;0
493523;0
493614;0
493704;0
493794;0
493884;0
493974;0
494064;0
494154;0
494244;0
494334;0
494424;0
494514;0
494604;0
494694;0
494784;0
494874;0
494964;0
495055;0
495145;0
495235;0
495325;0
495415;0
495505;0
495595;0
495685;0
495775;0
495865;0
495955;0
496045;0
496135;0
496225;0
496315;0
496405;0
496495;0
496586;0
496676;0
496766;0
496856;0
496946;0
497036;0
497126;0
497216;0
497306;0
497396;0
497486;0
497576;0
497666;0
497756;0
497846;0
497936;0
498027;0
498117;0
498207;0
498297;0
498387;0
498477;0
498567;0
498657;0
498747;0
498837;0
498927;0
499017;0
499107;0
499197;0
499287;0
499377;0
499467;0
499558;0
499648;0
499738;0
499828;0
499918;0
500008;0
500098;0
500188;0
500278;0
500368;0
500458;0
500548;0
500638;0
500728;0
500818;0
500908;0
500998;0
501089;0
501179;0
501269;0
501359;0
501449;0
501539;0
501629;0
501719;0
501809;0
501899;0
501989;0
502079;0
502169;0
502259;0
502349;0
502439;0
502530;1
502620;0
502710;0
502800;0
502890;0
502980;0
503070;0
503160;0
503250;0
503340;0
503430;0
503520;0
503610;0
503700;0
503790;0
503880;0
503970;0
504061;0
504151;0
504241;0
504331;0
504421;0
504511;0
504601;0
504691;0
504781;0
504871;0
504961;0
505051;0
505141;0
505231;0
505321;0
505411;0
505502;0
505592;0
505682;0
505772;0
505862;0
505952;0
506042;0
506132;0
506222;0
506312;0
506402;0
506492;0
506582;0
506672;0
506762;0
506852;0
506942;0
507033;0
507123;0
507213;0
507303;0
507393;0
507483;0
507573;0
507663;0
507753;0
507843;0
507933;0
508023;0
508113;0
508203;0
508293;0
508383;0
508473;0
508564;0
508654;0
508744;0
508834;0
508924;0
509014;0
509104;0
509194;0
509284;0
509374;0
509464;0
509554;0
509644;0
509734;0
509824;0
509914;0
510005;0
510095;0
510185;0
510275;0
510365;0
510455;0
510545;0
510635;0
510725;0
510815;0
510905;0
510995;0
511085;0
511175;0
511265;0
511355;0
511445;0
511536;0
511626;0
511716;0
511806;0
511896;0
511986;0
512076;0
512166;0
512256;0
512346;0
512436;0
512526;0
512616;0
512706;0
512796;0
512886;0
512976;0
513067;0
513157;0
513247;0
513337;0
513427;0
513517;0
513607;0
513697;0
513787;1
513877;0
513967;0
514057;0
514147;0
514237;0
514327;0
514417;0
514508;0
514598;0
514688;0
514778;0
514868;0
514958;0
515048;0
515138;0
515228;0
515318;0
515408;0
515498;0
515588;0
515678;0
515768;0
515858;0
515948;0
516039;0
516129;0
516219;0
516309;0
516399;0
516489;0
516579;0
516669;0
516759;0
516849;0
516939;0
517029;0
517119;0
517209;0
517299;0
517389;0
517480;0
517570;0
517660;0
517750;0
517840;0
517930;0
518020;0
518110;0
518200;0
518290;0
518380;0
518470;0
518560;0
518650;0
518740;0
518830;0
518920;0
519011;0
519101;0
519191;0
519281;0
519371;0
519461;0
519551;0
519641;0
519731;0
519821;0
519911;0
520001;0
520091;0
520181;0
520271;0
520361;0
520451;0
520542;0
520632;0
520722;0
520812;0
520902;0
520992;0
521082;0
521172;0
521262;0
521352;0
521442;0
521532;0
521622;0
521712;0
521802;0
521892;0
521983;0
522073;0
522163;0
522253;0
522343;0
522433;0
522523;0
522613;0
522703;0
522793;0
522883;0
522973;0
523063;0
523153;0
523243;0
523333;0
523423;0
523514;0
523604;0
523694;0
523784;0
523874;0
523964;0
524054;0
524144;0
524234;0
524324;0
524414;0
524504;0
524594;0
524684;0
524774;0
524864;0
524955;0
525045;0
525135;0
525225;0
525315;0
525405;0
525495;0
525585;0
525675;0
525765;0
525855;0
525945;0
526035;0
526125;0
526215;0
526305;0
526395;0
526486;0
526576;0
526666;0
526756;0
526846;0
526936;0
527026;0
527116;0
527206;0
527296;0
527386;0
527476;0
527566;0
527656;0
527746;0
527836;0
527926;0
528017;0
528107;0
528197;0
528287;0
528377;0
528467;0
528557;0
528647;0
528737;0
528827;0
528917;0
529007;0
529097;0
529187;0
529277;0
529367;0
529458;0
529548;0
529638;0
529728;0
529818;0
529908;0
529998;0
530088;0
530178;0
530268;0
530358;0
530448;0
530538;0
530628;0
530718;0
530808;0
530898;0
530989;0
531079;0
531169;0
531259;0
531349;0
531439;0
531529;0
531619;0
531709;0
531799;0
531889;0
531979;0
532069;0
532159;0
532249;0
532339;0
532430;0
532520;0
532610;0
532700;0
532790;0
532880;0
532970;0
533060;0
533150;0
533240;0
533330;0
533420;0
533510;0
533600;0
533690;0
533780;0
533870;0
533961;0
534051;0
534141;0
534231;0
534321;0
534411;0
534501;0
534591;0
534681;0
534771;0
534861;0
534951;0
535041;0
535131;0
535221;1
535311;0
535401;0
535492;0
535582;0
535672;0
535762;0
535852;0
535942;0
536032;0
536122;0
536212;0
536302;0
536392;0
536482;0
536572;0
536662;0
536752;0
536842;0
536933;0
537023;0
537113;0
537203;0
537293;0
537383;0
537473;0
537563;0
537653;0
537743;0
537833;0
537923;0
538013;0
538103;0
538193;0
538283;0
538373;0
538464;0
538554;0
538644;0
538734;0
538824;0
538914;0
539004;0
539094;0
539184;0
539274;0
539364;0
539454;0
539544;0
539634;0
539724;0
539814;0
539905;0
539995;0
540085;0
540175;0
540265;0
540355;0
540445;0
540535;0
540625;0
540715;0
540805;0
540895;0
540985;0
541075;0
541165;0
541255;0
541345;0
541436;0
541526;0
541616;0
541706;0
541796;0
541886;0
541976;0
542066;0
542156;0
542246;0
542336;0
542426;0
542516;0
542606;0
542696;0
542786;0
542876;0
542967;0
543057;0
543147;0
543237;0
543327;0
543417;0
543507;0
543597;0
543687;0
543777;0
543867;0
543957;0
544047;0
544137;0
544227;0
544317;0
544408;0
544498;0
544588;0
544678;0
544768;0
544858;0
544948;0
545038;0
545128;0
545218;0
545308;0
545398;0
545488;0
545578;0
545668;0
545758;0
545848;0
545939;0
546029;0
546119;0
546209;0
546299;0
546389;0
546479;0
546569;0
546659;0
546749;0
546839;0
546929;0
547019;0
547109;0
547199;0
547289;0
547380;0
547470;0
547560;0
547650;0
547740;0
547830;0
547920;0
548010;0
548100;0
548190;0
548280;0
548370;0
548460;0
548550;0
548640;0
548730;0
548820;0
548911;0
549001;0
549091;0
549181;0
549271;0
549361;0
549451;0
549541;0
549631;0
549721;0
549811;0
549901;0
549991;0
550081;0
550171;0
550261;0
550351;0
550442;0
550532;0
550622;0
550712;0
550802;0
550892;0
550982;0
551072;0
551162;0
551252;0
551342;0
551432;0
551522;0
551612;0
551702;0
551792;0
551883;0
551973;0
552063;0
552153;0
552243;0
552333;0
552423;0
552513;0
552603;0
552693;0
552783;0
552873;0
552963;0
553053;0
553143;0
553233;0
553323;0
553414;0
553504;0
553594;0
553684;0
553774;0
553864;0
553954;0
554044;0
554134;0
554224;0
554314;0
554404;0
554494;0
554584;0
554674;0
554764;0
554855;0
554945;0
555035;0
555125;0
555215;0
555305;0
555395;0
555485;0
555575;0
555665;0
555755;0
555845;0
555935;0
556025;0
556115;0
556205;0
556295;0
556386;0
556476;0
556566;0
556656;0
556746;0
556836;0
556926;0
557016;0
557106;0
557196;0
557286;0
557376;0
557466;0
557556;0
557646;0
557736;0
557826;0
557917;0
558007;0
558097;0
558187;0
558277;0
558367;0
558457;0
558547;0
558637;0
558727;0
558817;0
558907;0
558997;0
559087;0
559177;0
559267;0
559358;0
559448;0
559538;0
559628;0
559718;0
559808;0
559898;0
559988;0
560078;0
560168;0
560258;0
560348;0
560438;0
560528;0
560618;0
560708;0
560798;0
560889;0
560979;0
561069;0
561159;0
561249;0
561339;0
561429;0
561519;0
561609;0
561699;0
561789;0
561879;0
561969;0
562059;0
562149;0
562239;0
562330;0
562420;0
562510;0
562600;0
562690;0
562780;0
562870;0
562960;0
563050;0
563140;0
563230;0
563320;0
563410;0
563500;0
563590;0
563680;0
563770;0
563861;0
563951;0
564041;0
564131;0
564221;0
564311;0
564401;0
564491;0
564581;0
564671;0
564761;0
564851;0
564941;0
565031;0
565121;0
565211;0
565301;0
565392;0
565482;0
565572;0
565662;0
565752;0
565842;0
565932;0
566022;0
566112;0
566202;0
566292;0
566382;0
566472;0
566562;0
566652;0
566742;0
566833;0
566923;0
567013;0
567103;0
567193;0
567283;0
567373;0
567463;0
567553;0
567643;0
567733;0
567823;0
567913;0
568003;0
568093;0
568183;0
568273;0
568364;0
568454;0
568544;0
568634;0
568724;0
568814;0
568904;0
568994;0
569084;0
569174;0
569264;0
569354;0
569444;0
569534;0
569624;0
569714;0
569805;0
569895;0
569985;0
570075;0
570165;0
570255;0
570345;0
570435;0
570525;0
570615;0
570705;0
570795;0
570885;0
570975;0
571065;0
571155;0
571245;0
571336;0
571426;0
571516;0
571606;0
571696;0
571786;0
571876;0
571966;0
572056;0
572146;0
572236;0
572326;0
572416;0
572506;0
572596;0
572686;0
572776;0
572867;0
572957;0
573047;0
573137;0
573227;0
573317;0
573407;0
573497;0
573587;0
573677;0
573767;0
573857;0
573947;0
574037;0
574127;0
574217;0
574308;0
574398;0
574488;0
574578;0
574668;0
574758;0
574848;0
574938;0
575028;0
575118;0
575208;0
575298;0
575388;0
575478;0
575568;0
575658;0
575748;0
575839;0
575929;0
576019;0
576109;0
576199;0
576289;0
576379;0
576469;0
576559;0
576649;0
576739;0
576829;0
576919;0
577009;0
577099;0
577189;0
577280;0
577370;0
577460;0
577550;0
577640;0
577730;0
577820;0
577910;0
578000;0
578090;0
578180;0
578270;0
578360;0
